timestamp,currency,total_volume_usd,total_oi,call_volume,put_volume,spot
2026-06-30T19:59:52.201508+00:00,SOL,0,0,0,0,
2026-06-30T20:14:44.698234+00:00,SOL,694198.2599999998,795960.0,190630.0,66460.0,73.7755
2026-06-30T20:14:44.698234+00:00,HYPE,70400.39,118950.0,25620.0,15360.0,65.51
2026-06-30T20:34:22.931405+00:00,SOL,694659.1299999998,795880.0,190600.0,67090.0,73.5055
2026-06-30T20:34:22.931405+00:00,HYPE,70386.59,118950.0,25620.0,15310.0,64.997
2026-06-30T21:01:03.254346+00:00,SOL,679094.8299999997,795430.0,188660.0,65980.0,73.634
2026-06-30T21:01:03.254346+00:00,HYPE,70019.69,119100.0,25770.0,15010.0,64.832
2026-06-30T21:17:30.576710+00:00,SOL,671723.0199999998,795690.0,188230.0,64670.0,73.3092
2026-06-30T21:17:30.576710+00:00,HYPE,70026.29,119110.0,25770.0,15020.0,64.476
2026-06-30T21:23:21.942956+00:00,SOL,671723.0199999998,795690.0,188230.0,64670.0,73.2253
2026-06-30T21:23:21.942956+00:00,HYPE,70026.29,119110.0,25770.0,15020.0,64.398
2026-06-30T22:04:32.464545+00:00,SOL,669389.6999999997,795790.0,188150.0,64610.0,73.5643
2026-06-30T22:04:32.464545+00:00,HYPE,70251.84,119330.0,25770.0,15240.0,64.92
2026-06-30T22:48:42.985604+00:00,SOL,664135.2699999998,795590.0,187660.0,64410.0,73.3986
2026-06-30T22:48:42.985604+00:00,HYPE,59039.909999999996,119330.0,24370.0,11050.0,64.76
2026-07-01T00:01:02.687022+00:00,SOL,657471.1399999997,796330.0,187450.0,63270.0,73.5898
2026-07-01T00:01:02.687022+00:00,HYPE,41309.340000000004,119350.0,22310.0,9810.0,65.235
2026-07-01T04:52:25.852935+00:00,SOL,314585.5099999998,801140.0,158970.0,40330.0,75.6022
2026-07-01T04:52:25.852935+00:00,HYPE,56817.51999999998,122590.0,20580.0,11410.0,65.975
2026-07-01T08:45:43.926745+00:00,SOL,310913.20999999996,785170.0,150060.0,36500.0,74.773
2026-07-01T08:45:43.926745+00:00,HYPE,71195.89,113780.0,22760.0,11180.0,63.668
2026-07-01T11:54:39.658833+00:00,SOL,229375.40000000002,788000.0,52110.0,35180.0,74.7483
2026-07-01T11:54:39.658833+00:00,HYPE,97170.37999999998,119330.0,24070.0,15840.0,62.455
2026-07-01T14:14:42.536230+00:00,SOL,195161.94000000006,792060.0,50720.0,23910.0,76.1734
2026-07-01T14:14:42.536230+00:00,HYPE,112218.64999999998,123800.0,24780.0,18100.0,64.653
2026-07-01T16:40:57.287245+00:00,SOL,247245.47000000015,800960.0,53600.0,31230.0,77.5198
2026-07-01T16:40:57.287245+00:00,HYPE,111132.88999999998,129650.0,23970.0,20610.0,64.676
2026-07-01T18:30:39.769032+00:00,SOL,264736.97000000015,801340.0,40640.0,40210.0,77.4559
2026-07-01T18:30:39.769032+00:00,HYPE,103352.88999999997,131160.0,22320.0,20080.0,64.336
2026-07-01T20:28:25.033308+00:00,SOL,259611.91000000015,801690.0,39380.0,39740.0,76.7997
2026-07-01T20:28:25.033308+00:00,HYPE,106941.83999999998,131790.0,21480.0,19460.0,62.647
2026-07-01T22:02:21.396044+00:00,SOL,288644.19000000006,806020.0,43810.0,41100.0,78.2964
2026-07-01T22:02:21.396044+00:00,HYPE,115556.14999999997,134670.0,23910.0,19970.0,63.786
2026-07-01T23:41:09.105792+00:00,SOL,303473.7700000002,795390.0,45020.0,41560.0,77.4481
2026-07-01T23:41:09.105792+00:00,HYPE,123199.74999999997,136270.0,25080.0,20760.0,62.708
2026-07-02T01:36:47.554654+00:00,SOL,289062.0300000001,791470.0,41750.0,39400.0,78.2792
2026-07-02T01:36:47.554654+00:00,HYPE,124242.84999999996,136570.0,26280.0,21260.0,63.105
2026-07-02T05:41:45.582858+00:00,SOL,446038.24,830960.0,78770.0,38130.0,77.8237
2026-07-02T05:41:45.582858+00:00,HYPE,115474.93999999997,144030.0,27730.0,27060.0,63.576
2026-07-02T08:33:12.342365+00:00,SOL,640935.46,850310.0,106650.0,27700.0,78.7493
2026-07-02T08:33:12.342365+00:00,HYPE,99240.49999999996,118620.0,14930.0,18740.0,63.075
2026-07-02T11:18:34.217731+00:00,SOL,774771.7099999997,874180.0,129500.0,38590.0,82.5757
2026-07-02T11:18:34.217731+00:00,HYPE,95713.10999999994,130850.0,21040.0,23160.0,64.501
2026-07-02T13:15:06.149700+00:00,SOL,801268.5699999997,889940.0,139710.0,46010.0,81.9696
2026-07-02T13:15:06.149700+00:00,HYPE,87518.84999999996,132040.0,20570.0,23050.0,65.379
2026-07-02T15:32:28.806883+00:00,SOL,758151.4999999998,898050.0,139370.0,47860.0,81.2578
2026-07-02T15:32:28.806883+00:00,HYPE,96552.26999999997,135900.0,20260.0,27810.0,65.516
2026-07-02T17:18:02.599148+00:00,SOL,731747.3899999993,899590.0,135870.0,45060.0,81.4446
2026-07-02T17:18:02.599148+00:00,HYPE,92681.15999999999,138940.0,22340.0,28400.0,65.79
2026-07-02T18:55:21.878083+00:00,SOL,688736.6299999995,900840.0,134710.0,36820.0,81.4556
2026-07-02T18:55:21.878083+00:00,HYPE,106764.88,142550.0,22740.0,31630.0,66.793
2026-07-02T20:15:42.550737+00:00,SOL,687244.5599999997,901510.0,133820.0,37320.0,81.3723
2026-07-02T20:15:42.550737+00:00,HYPE,105336.93000000002,143160.0,23030.0,33080.0,66.486
2026-07-02T21:41:42.830047+00:00,SOL,675774.8499999996,902910.0,133580.0,35500.0,81.2525
2026-07-02T21:41:42.830047+00:00,HYPE,106794.22000000002,143470.0,21760.0,33280.0,65.841
2026-07-02T22:45:50.781206+00:00,SOL,650054.6699999997,902830.0,130890.0,34430.0,80.9936
2026-07-02T22:45:50.781206+00:00,HYPE,93831.02999999998,143470.0,19850.0,32320.0,65.878
2026-07-02T23:58:01.141600+00:00,SOL,648624.0999999996,902830.0,130750.0,34430.0,81.1852
2026-07-02T23:58:01.141600+00:00,HYPE,107193.39,147830.0,21730.0,37580.0,66.937
2026-07-03T03:18:55.020512+00:00,SOL,554514.3399999997,904620.0,116050.0,34700.0,80.9306
2026-07-03T03:18:55.020512+00:00,HYPE,119187.19999999994,156210.0,24020.0,42630.0,66.463
2026-07-03T06:45:52.788227+00:00,SOL,268018.30999999994,909660.0,60610.0,35890.0,81.2227
2026-07-03T06:45:52.788227+00:00,HYPE,205802.82999999993,177740.0,35330.0,55640.0,67.04
2026-07-03T09:51:27.113597+00:00,SOL,202016.01999999996,773260.0,44760.0,30250.0,81.1026
2026-07-03T09:51:27.113597+00:00,HYPE,213366.21999999986,127660.0,35970.0,39580.0,67.665
2026-07-03T12:02:58.149611+00:00,SOL,129905.59,775070.0,37140.0,24390.0,81.7105
2026-07-03T12:02:58.149611+00:00,HYPE,225961.4999999999,135300.0,38250.0,46710.0,69.275
2026-07-03T14:30:15.938369+00:00,SOL,117039.51999999999,779960.0,25670.0,21250.0,81.3287
2026-07-03T14:30:15.938369+00:00,HYPE,327738.53000000014,158320.0,50930.0,58230.0,69.591
2026-07-03T16:12:28.839522+00:00,SOL,110991.34999999999,781180.0,25170.0,19700.0,81.2897
2026-07-03T16:12:28.839522+00:00,HYPE,369396.75,169830.0,51790.0,67180.0,69.972
2026-07-03T17:47:27.362779+00:00,SOL,107810.43000000001,781110.0,23070.0,20240.0,81.6876
2026-07-03T17:47:27.362779+00:00,HYPE,356926.78,170930.0,49070.0,66660.0,70.153
2026-07-03T19:06:09.720062+00:00,SOL,116224.75000000003,782870.0,24160.0,20330.0,82.0515
2026-07-03T19:06:09.720062+00:00,HYPE,348021.56999999995,172060.0,49090.0,64500.0,70.37
2026-07-03T20:23:03.844355+00:00,SOL,143659.27000000008,788220.0,30230.0,25370.0,82.5436
2026-07-03T20:23:03.844355+00:00,HYPE,375222.9,170150.0,51950.0,71000.0,70.49
2026-07-03T21:38:40.629687+00:00,SOL,141033.77000000002,789650.0,30670.0,25990.0,82.3459
2026-07-03T21:38:40.629687+00:00,HYPE,372329.12999999995,174230.0,51740.0,77530.0,70.461
2026-07-03T22:40:54.036306+00:00,SOL,142818.42000000007,789990.0,30720.0,26450.0,82.2984
2026-07-03T22:40:54.036306+00:00,HYPE,372843.81999999995,174200.0,51760.0,80650.0,70.837
2026-07-03T23:42:10.790025+00:00,SOL,143154.36000000004,790030.0,30790.0,26480.0,82.4022
2026-07-03T23:42:10.790025+00:00,HYPE,363854.2399999999,174200.0,50260.0,77730.0,70.904
2026-07-04T01:16:22.260844+00:00,SOL,145337.15000000005,790040.0,30980.0,26900.0,82.0082
2026-07-04T01:16:22.260844+00:00,HYPE,358987.8399999999,175600.0,49700.0,77950.0,70.53
2026-07-04T05:03:13.876483+00:00,SOL,159879.84000000005,792520.0,31200.0,25810.0,83.2478
2026-07-04T05:03:13.876483+00:00,HYPE,307881.54,176000.0,42520.0,72690.0,71.419
2026-07-04T08:03:57.900102+00:00,SOL,153622.24,794650.0,28460.0,22540.0,82.551
2026-07-04T08:03:57.900102+00:00,HYPE,255629.2299999999,181020.0,36450.0,76410.0,71.387
2026-07-04T10:23:43.856661+00:00,SOL,130070.06000000001,776820.0,16340.0,19640.0,82.2715
2026-07-04T10:23:43.856661+00:00,HYPE,299976.11999999994,154950.0,35200.0,53970.0,70.958
2026-07-04T11:49:57.931252+00:00,SOL,128690.80999999998,778030.0,16420.0,19920.0,82.3696
2026-07-04T11:49:57.931252+00:00,HYPE,309781.5699999999,153810.0,34320.0,49390.0,70.655
2026-07-04T13:06:11.495878+00:00,SOL,105935.35999999997,779290.0,17640.0,15810.0,81.9852
2026-07-04T13:06:11.495878+00:00,HYPE,278512.42000000004,153810.0,30620.0,43910.0,70.796
2026-07-04T14:44:43.125849+00:00,SOL,113625.14999999998,783770.0,21050.0,15000.0,82.254
2026-07-04T14:44:43.125849+00:00,HYPE,186183.38,153930.0,21160.0,33080.0,70.692
2026-07-04T15:47:13.694586+00:00,SOL,122744.45999999999,787690.0,24230.0,15800.0,82.6734
2026-07-04T15:47:13.694586+00:00,HYPE,142813.91,156130.0,19380.0,28810.0,70.766
2026-07-04T16:56:09.337049+00:00,SOL,122782.43999999999,788170.0,24050.0,16470.0,82.5688
2026-07-04T16:56:09.337049+00:00,HYPE,142523.11000000002,159670.0,22170.0,29660.0,70.382
2026-07-04T17:59:10.549896+00:00,SOL,122835.42,789760.0,24540.0,17260.0,83.0882
2026-07-04T17:59:10.549896+00:00,HYPE,142863.47000000003,161050.0,23580.0,29640.0,70.541
2026-07-04T19:19:31.358855+00:00,SOL,118765.26,792150.0,24170.0,17960.0,82.3327
2026-07-04T19:19:31.358855+00:00,HYPE,143512.75000000003,162550.0,24680.0,30870.0,69.759
2026-07-04T20:28:02.086201+00:00,SOL,98321.37000000004,788190.0,21180.0,14730.0,81.9288
2026-07-04T20:28:02.086201+00:00,HYPE,114797.16000000002,163050.0,21840.0,27000.0,69.526
2026-07-04T21:28:00.163128+00:00,SOL,98079.42000000003,788760.0,19270.0,14900.0,82.4289
2026-07-04T21:28:00.163128+00:00,HYPE,114130.69,163050.0,21850.0,25680.0,70.108
2026-07-04T22:27:43.164252+00:00,SOL,96585.70000000001,788840.0,19200.0,14650.0,82.3179
2026-07-04T22:27:43.164252+00:00,HYPE,117686.51000000001,167410.0,25250.0,28190.0,69.89
2026-07-04T23:31:28.685181+00:00,SOL,96988.62,789460.0,19630.0,14710.0,82.1574
2026-07-04T23:31:28.685181+00:00,HYPE,151095.38,166520.0,30150.0,31520.0,69.783
2026-07-05T01:22:57.312111+00:00,SOL,101891.64000000001,791510.0,21980.0,14730.0,81.2208
2026-07-05T01:22:57.312111+00:00,HYPE,184741.47,165730.0,33610.0,33080.0,68.676
2026-07-05T05:31:46.673478+00:00,SOL,85461.93999999999,793110.0,21720.0,13050.0,80.9715
2026-07-05T05:31:46.673478+00:00,HYPE,178203.6,173000.0,43590.0,32600.0,68.354
2026-07-05T08:29:53.081536+00:00,SOL,77481.5,783690.0,19420.0,7040.0,80.8831
2026-07-05T08:29:53.081536+00:00,HYPE,162050.87999999998,136020.0,29140.0,14410.0,68.574
2026-07-05T10:39:00.141494+00:00,SOL,74537.05000000005,785790.0,20990.0,7340.0,80.5658
2026-07-05T10:39:00.141494+00:00,HYPE,116110.03000000003,138610.0,22820.0,13760.0,68.826
2026-07-05T12:03:20.638512+00:00,SOL,69774.01000000001,787670.0,20850.0,8330.0,80.775
2026-07-05T12:03:20.638512+00:00,HYPE,97649.82000000004,138810.0,20170.0,12760.0,68.801
2026-07-05T14:07:13.896984+00:00,SOL,78871.14000000003,793150.0,22910.0,10190.0,81.5326
2026-07-05T14:07:13.896984+00:00,HYPE,99944.46000000004,141130.0,20820.0,14120.0,69.263
2026-07-05T15:36:27.712748+00:00,SOL,75442.81000000001,795940.0,21310.0,11040.0,81.8274
2026-07-05T15:36:27.712748+00:00,HYPE,115670.39000000004,146330.0,25600.0,13920.0,69.628
2026-07-05T16:42:02.633535+00:00,SOL,80328.82000000004,796970.0,21740.0,11290.0,81.4267
2026-07-05T16:42:02.633535+00:00,HYPE,116132.40000000005,146330.0,25620.0,13940.0,69.386
2026-07-05T17:44:49.137712+00:00,SOL,83077.28000000001,798570.0,22820.0,11950.0,81.4308
2026-07-05T17:44:49.137712+00:00,HYPE,120223.57000000004,148280.0,25940.0,15390.0,69.213
2026-07-05T18:47:09.799563+00:00,SOL,83903.12000000002,798590.0,22590.0,11950.0,81.5166
2026-07-05T18:47:09.799563+00:00,HYPE,137532.19000000003,152040.0,28130.0,16680.0,69.311
2026-07-05T20:07:45.835879+00:00,SOL,71624.57,799310.0,20570.0,10720.0,81.5176
2026-07-05T20:07:45.835879+00:00,HYPE,143049.37000000002,153310.0,28660.0,17760.0,70.005
2026-07-05T21:18:15.434798+00:00,SOL,66783.45999999999,799480.0,20740.0,10300.0,81.5069
2026-07-05T21:18:15.434798+00:00,HYPE,150135.87000000002,153780.0,29350.0,17830.0,70.865
2026-07-05T22:28:43.805606+00:00,SOL,84628.88000000002,803090.0,23340.0,11950.0,82.5792
2026-07-05T22:28:43.805606+00:00,HYPE,152656.15000000002,154990.0,29170.0,19270.0,71.637
2026-07-05T23:35:26.757860+00:00,SOL,83747.06000000003,803390.0,23380.0,11940.0,82.067
2026-07-05T23:35:26.757860+00:00,HYPE,128861.31,155960.0,26270.0,18220.0,71.046
2026-07-06T01:22:14.557506+00:00,SOL,84373.91000000002,807670.0,24780.0,13370.0,82.427
2026-07-06T01:22:14.557506+00:00,HYPE,110471.12999999999,158450.0,26090.0,17280.0,72.219
2026-07-06T05:48:41.306962+00:00,SOL,144426.95000000007,821060.0,24210.0,29400.0,80.8578
2026-07-06T05:48:41.306962+00:00,HYPE,109466.27,168010.0,17740.0,26740.0,70.903
2026-07-06T10:00:40.125127+00:00,SOL,155075.93999999997,818700.0,22370.0,30920.0,80.5431
2026-07-06T10:00:40.125127+00:00,HYPE,144811.58999999997,169240.0,26810.0,23300.0,69.958
2026-07-06T14:02:24.238334+00:00,SOL,197916.26000000007,822650.0,24550.0,34030.0,80.3819
2026-07-06T14:02:24.238334+00:00,HYPE,177242.24999999997,175920.0,32380.0,27050.0,69.723
2026-07-06T17:13:48.305077+00:00,SOL,226317.9899999999,829590.0,27910.0,39870.0,82.2799
2026-07-06T17:13:48.305077+00:00,HYPE,169426.09,181480.0,31300.0,30320.0,71.423
2026-07-06T19:05:29.386304+00:00,SOL,225695.7299999999,831310.0,28420.0,40710.0,82.2821
2026-07-06T19:05:29.386304+00:00,HYPE,148807.37,181610.0,28720.0,27010.0,71.385
2026-07-06T20:59:36.936722+00:00,SOL,230371.16999999993,832090.0,28750.0,41210.0,82.4691
2026-07-06T20:59:36.936722+00:00,HYPE,143784.97999999998,181760.0,28300.0,26720.0,71.118
2026-07-06T22:17:26.419218+00:00,SOL,224878.0999999999,833700.0,29690.0,40080.0,83.08
2026-07-06T22:17:26.419218+00:00,HYPE,136661.97999999998,181760.0,27640.0,25690.0,71.597
2026-07-06T23:35:14.990815+00:00,SOL,224865.05999999994,834210.0,30030.0,40180.0,82.5789
2026-07-06T23:35:14.990815+00:00,HYPE,123687.13,189000.0,26880.0,33090.0,70.939
2026-07-07T01:22:17.151379+00:00,SOL,216048.82999999993,833180.0,26230.0,38650.0,82.3536
2026-07-07T01:22:17.151379+00:00,HYPE,108438.52000000002,188560.0,23980.0,32400.0,71.78
2026-07-07T05:29:06.506542+00:00,SOL,159744.03,833650.0,29650.0,23920.0,80.9769
2026-07-07T05:29:06.506542+00:00,HYPE,104943.27,188490.0,28500.0,25680.0,69.766
2026-07-07T08:49:59.467588+00:00,SOL,155999.77,824090.0,24780.0,19940.0,81.7731
2026-07-07T08:49:59.467588+00:00,HYPE,84781.66,179360.0,19330.0,23030.0,70.822
2026-07-07T11:40:01.581451+00:00,SOL,121673.63000000002,828540.0,23190.0,18330.0,80.9695
2026-07-07T11:40:01.581451+00:00,HYPE,41983.22000000001,179400.0,14510.0,18390.0,71.39
2026-07-07T13:51:16.181943+00:00,SOL,89718.14000000001,829490.0,19980.0,16340.0,81.0968
2026-07-07T13:51:16.181943+00:00,HYPE,32648.52999999999,180440.0,13150.0,16540.0,71.902
2026-07-07T16:21:39.455221+00:00,SOL,80352.65,833490.0,18020.0,17450.0,82.0967
2026-07-07T16:21:39.455221+00:00,HYPE,28976.54999999999,181770.0,13250.0,16700.0,72.211
2026-07-07T18:26:35.831523+00:00,SOL,71365.40999999999,834560.0,17800.0,11980.0,82.1207
2026-07-07T18:26:35.831523+00:00,HYPE,31634.179999999993,181910.0,13740.0,15940.0,71.691
2026-07-07T20:23:31.377873+00:00,SOL,64629.56,835470.0,17870.0,11120.0,81.2672
2026-07-07T20:23:31.377873+00:00,HYPE,31127.329999999998,181370.0,14270.0,16030.0,70.022
2026-07-07T21:50:47.604274+00:00,SOL,53975.84000000001,835560.0,15800.0,10650.0,80.8299
2026-07-07T21:50:47.604274+00:00,HYPE,31391.609999999997,181600.0,14300.0,16260.0,69.377
2026-07-07T22:53:39.007137+00:00,SOL,57691.09000000002,837440.0,16790.0,11650.0,80.8733
2026-07-07T22:53:39.007137+00:00,HYPE,32146.62,183630.0,15780.0,16440.0,69.754
2026-07-07T23:51:43.450777+00:00,SOL,57340.200000000004,837540.0,16240.0,11640.0,80.7204
2026-07-07T23:51:43.450777+00:00,HYPE,30580.420000000002,183630.0,14630.0,9750.0,69.362
2026-07-08T01:58:05.129882+00:00,SOL,66487.40000000001,838230.0,16460.0,13790.0,79.0466
2026-07-08T01:58:05.129882+00:00,HYPE,39289.61,187330.0,17100.0,12060.0,68.193
2026-07-08T05:22:09.651256+00:00,SOL,77393.21,844830.0,22410.0,13830.0,78.6756
2026-07-08T05:22:09.651256+00:00,HYPE,37281.54000000001,191260.0,15660.0,10810.0,68.288
2026-07-08T07:44:32.217891+00:00,SOL,80383.73000000001,849070.0,23980.0,15060.0,78.0857
2026-07-08T07:44:32.217891+00:00,HYPE,31031.550000000003,192740.0,12170.0,12800.0,68.252
2026-07-08T09:59:33.827443+00:00,SOL,82492.37,845250.0,24820.0,17150.0,77.1449
2026-07-08T09:59:33.827443+00:00,HYPE,26154.27,183330.0,9640.0,7780.0,67.94
2026-07-08T11:49:22.606231+00:00,SOL,83567.15000000001,846850.0,22010.0,17130.0,77.5477
2026-07-08T11:49:22.606231+00:00,HYPE,26434.420000000002,184180.0,10200.0,8040.0,68.677
2026-07-08T13:46:19.300559+00:00,SOL,84348.96000000005,848630.0,22000.0,18230.0,77.3034
2026-07-08T13:46:19.300559+00:00,HYPE,27038.759999999995,184740.0,10560.0,8210.0,68.135
2026-07-08T15:58:22.221825+00:00,SOL,67313.18000000001,850590.0,22710.0,16750.0,76.5774
2026-07-08T15:58:22.221825+00:00,HYPE,145836.82,211480.0,40050.0,8960.0,66.831
2026-07-08T17:38:09.631542+00:00,SOL,85667.62999999999,863230.0,22930.0,29260.0,77.5184
2026-07-08T17:38:09.631542+00:00,HYPE,193592.41,211460.0,46120.0,11310.0,67.823
2026-07-08T18:57:18.959413+00:00,SOL,101249.48000000001,866160.0,25970.0,33330.0,77.0764
2026-07-08T18:57:18.959413+00:00,HYPE,196308.65999999997,211550.0,45810.0,11610.0,66.768
2026-07-08T20:19:21.447376+00:00,SOL,131135.80999999997,876650.0,25980.0,44890.0,77.3128
2026-07-08T20:19:21.447376+00:00,HYPE,198039.46999999994,211520.0,46320.0,11500.0,67.259
2026-07-08T21:38:16.639366+00:00,SOL,131946.60999999996,875740.0,26050.0,45020.0,77.1579
2026-07-08T21:38:16.639366+00:00,HYPE,197848.18999999992,211520.0,47440.0,11270.0,66.59
2026-07-08T22:42:17.046198+00:00,SOL,127808.51999999997,875780.0,25120.0,44160.0,77.3683
2026-07-08T22:42:17.046198+00:00,HYPE,197781.40999999995,211460.0,48220.0,10690.0,67.032
2026-07-08T23:44:52.665719+00:00,SOL,127994.47999999998,875930.0,25120.0,44250.0,77.5776
2026-07-08T23:44:52.665719+00:00,HYPE,197962.81999999992,213070.0,48040.0,12470.0,67.573
2026-07-09T01:18:10.963045+00:00,SOL,137235.63999999998,876640.0,26330.0,45690.0,78.3831
2026-07-09T01:18:10.963045+00:00,HYPE,192322.94,213070.0,46710.0,12120.0,68.177
2026-07-09T05:36:15.794788+00:00,SOL,114859.12999999999,878760.0,18670.0,44280.0,77.8158
2026-07-09T05:36:15.794788+00:00,HYPE,195890.49999999997,215320.0,44430.0,11110.0,67.484
2026-07-09T08:54:21.035945+00:00,SOL,114740.11999999998,873590.0,14500.0,41000.0,78.0925
2026-07-09T08:54:21.035945+00:00,HYPE,195299.25999999998,212960.0,45560.0,17860.0,68.113
2026-07-09T11:53:32.038983+00:00,SOL,109155.24999999997,878860.0,13950.0,44610.0,77.5503
2026-07-09T11:53:32.038983+00:00,HYPE,201193.26000000004,224360.0,49800.0,25290.0,67.446
2026-07-09T14:37:35.178259+00:00,SOL,122917.71,891680.0,26760.0,41580.0,77.6143
2026-07-09T14:37:35.178259+00:00,HYPE,213854.80999999997,228520.0,56110.0,27930.0,67.694
2026-07-09T17:06:01.059440+00:00,SOL,102243.86000000002,892970.0,26060.0,29270.0,77.6992
2026-07-09T17:06:01.059440+00:00,HYPE,89137.43,229150.0,30370.0,26230.0,67.204
2026-07-09T18:59:32.818747+00:00,SOL,89944.25000000006,893630.0,23080.0,26370.0,78.2069
2026-07-09T18:59:32.818747+00:00,HYPE,60457.80000000002,232170.0,30030.0,25820.0,67.274
2026-07-09T20:49:55.621332+00:00,SOL,60710.470000000016,894070.0,22600.0,15290.0,78.1872
2026-07-09T20:49:55.621332+00:00,HYPE,63132.70000000002,234110.0,29980.0,27920.0,67.291
2026-07-09T22:15:24.709777+00:00,SOL,61782.09000000001,894880.0,23370.0,15200.0,78.0929
2026-07-09T22:15:24.709777+00:00,HYPE,63085.78000000001,235030.0,28960.0,27960.0,67.229
2026-07-09T23:43:31.973027+00:00,SOL,62745.920000000006,895210.0,24670.0,15090.0,78.0959
2026-07-09T23:43:31.973027+00:00,HYPE,62524.41000000001,235320.0,28380.0,27860.0,67.145
2026-07-10T01:16:04.860700+00:00,SOL,56810.1,896380.0,25530.0,14200.0,78.3008
2026-07-10T01:16:04.860700+00:00,HYPE,62731.570000000014,234980.0,28720.0,27860.0,67.429
2026-07-10T05:29:14.202601+00:00,SOL,64321.590000000004,901150.0,27680.0,17300.0,79.0314
2026-07-10T05:29:14.202601+00:00,HYPE,85927.33999999997,247050.0,31880.0,43190.0,68.162
2026-07-10T08:48:54.686370+00:00,SOL,66424.08000000002,691590.0,30390.0,16700.0,79.3262
2026-07-10T08:48:54.686370+00:00,HYPE,88026.15,188010.0,31360.0,17660.0,68.677
2026-07-10T11:44:16.247898+00:00,SOL,133620.57,795020.0,131240.0,13830.0,79.3156
2026-07-10T11:44:16.247898+00:00,HYPE,83376.46999999999,190860.0,30100.0,18340.0,68.831
2026-07-10T13:45:22.430687+00:00,SOL,138234.68,796460.0,132500.0,14430.0,79.082
2026-07-10T13:45:22.430687+00:00,HYPE,94037.21,201500.0,31000.0,28220.0,68.817
2026-07-10T16:17:16.321104+00:00,SOL,139283.57999999996,799490.0,123310.0,17080.0,78.1985
2026-07-10T16:17:16.321104+00:00,HYPE,71197.30999999998,208250.0,27110.0,32850.0,67.753
2026-07-10T18:07:01.610449+00:00,SOL,154119.59000000003,807510.0,131390.0,18630.0,77.7972
2026-07-10T18:07:01.610449+00:00,HYPE,80666.41999999995,209970.0,23670.0,33520.0,67.803
2026-07-10T19:49:06.749485+00:00,SOL,152068.17,799200.0,131060.0,18810.0,77.9176
2026-07-10T19:49:06.749485+00:00,HYPE,95592.79999999999,210470.0,25320.0,34600.0,67.454
2026-07-10T21:00:39.252589+00:00,SOL,151899.22000000003,799130.0,130900.0,18890.0,77.7992
2026-07-10T21:00:39.252589+00:00,HYPE,93684.95999999998,210580.0,25410.0,33490.0,66.925
2026-07-10T22:14:07.308635+00:00,SOL,151812.26000000004,799320.0,130410.0,18950.0,78.0922
2026-07-10T22:14:07.308635+00:00,HYPE,93634.90999999997,210280.0,24530.0,33990.0,67.432
2026-07-10T23:13:34.171548+00:00,SOL,151636.27000000002,799520.0,130460.0,19040.0,78.0093
2026-07-10T23:13:34.171548+00:00,HYPE,93821.33999999995,210590.0,24840.0,33690.0,67.436
2026-07-11T00:09:50.580882+00:00,SOL,150495.45000000004,799200.0,129040.0,19300.0,78.0481
2026-07-11T00:09:50.580882+00:00,HYPE,93821.33999999995,210590.0,24840.0,33690.0,67.508
2026-07-11T03:39:03.823599+00:00,SOL,155473.94,807810.0,133420.0,17050.0,77.7991
2026-07-11T03:39:03.823599+00:00,HYPE,92218.04999999994,211540.0,23760.0,31860.0,67.161
2026-07-11T06:00:20.942418+00:00,SOL,157992.81,807280.0,132550.0,17190.0,77.8267
2026-07-11T06:00:20.942418+00:00,HYPE,62351.89,212040.0,19500.0,26450.0,66.464
2026-07-11T08:13:16.894851+00:00,SOL,150065.38999999998,803110.0,129810.0,12570.0,78.2034
2026-07-11T08:13:16.894851+00:00,HYPE,56460.61,202450.0,12000.0,24350.0,66.598
2026-07-11T09:49:02.793972+00:00,SOL,145724.25,805280.0,126420.0,13150.0,78.0746
2026-07-11T09:49:02.793972+00:00,HYPE,54558.85,206890.0,11840.0,26060.0,66.67
2026-07-11T10:57:42.617682+00:00,SOL,139202.56,805240.0,124630.0,12070.0,78.1929
2026-07-11T10:57:42.617682+00:00,HYPE,56023.55999999998,208470.0,11790.0,27000.0,66.776
2026-07-11T11:51:47.826181+00:00,SOL,73680.66000000002,805240.0,24610.0,11750.0,78.2031
2026-07-11T11:51:47.826181+00:00,HYPE,56001.569999999985,208470.0,11760.0,27000.0,66.952
2026-07-11T13:00:57.687651+00:00,SOL,73850.67000000001,804940.0,24850.0,11020.0,78.1866
2026-07-11T13:00:57.687651+00:00,HYPE,49972.889999999985,209070.0,11340.0,22580.0,66.808
2026-07-11T14:32:18.334210+00:00,SOL,84097.98,805060.0,25150.0,10130.0,78.5468
2026-07-11T14:32:18.334210+00:00,HYPE,49170.76999999999,211650.0,12350.0,15160.0,67.616
2026-07-11T15:35:46.880425+00:00,SOL,72413.71000000004,805720.0,24710.0,8940.0,78.7854
2026-07-11T15:35:46.880425+00:00,HYPE,61452.509999999995,213820.0,13470.0,14660.0,67.341
2026-07-11T16:32:53.070310+00:00,SOL,79268.35000000003,807520.0,25340.0,10800.0,78.3458
2026-07-11T16:32:53.070310+00:00,HYPE,60172.759999999995,214170.0,11040.0,14190.0,67.129
2026-07-11T17:39:31.854102+00:00,SOL,76395.88000000003,809060.0,18670.0,9940.0,78.2061
2026-07-11T17:39:31.854102+00:00,HYPE,51841.18000000001,216180.0,9740.0,15620.0,67.521
2026-07-11T18:33:51.338904+00:00,SOL,77127.74000000003,808820.0,18870.0,10370.0,78.38
2026-07-11T18:33:51.338904+00:00,HYPE,40617.88,216520.0,8770.0,14450.0,67.644
2026-07-11T19:50:45.538388+00:00,SOL,82961.70000000004,809210.0,19720.0,10350.0,78.0982
2026-07-11T19:50:45.538388+00:00,HYPE,37785.75000000001,216530.0,7870.0,14460.0,67.474
2026-07-11T20:40:17.213775+00:00,SOL,83710.64000000004,809440.0,20410.0,10420.0,78.3897
2026-07-11T20:40:17.213775+00:00,HYPE,36845.030000000006,216530.0,7870.0,13760.0,67.787
2026-07-11T21:31:45.140217+00:00,SOL,85808.28000000006,809910.0,21210.0,10390.0,78.3958
2026-07-11T21:31:45.140217+00:00,HYPE,36811.01000000001,216520.0,7880.0,13660.0,67.94
2026-07-11T22:29:31.130423+00:00,SOL,85312.43000000002,810220.0,21180.0,10590.0,78.0573
2026-07-11T22:29:31.130423+00:00,HYPE,36811.01000000001,216520.0,7880.0,13660.0,67.746
2026-07-11T23:29:03.060665+00:00,SOL,93800.76000000004,810610.0,21710.0,11530.0,77.0983
2026-07-11T23:29:03.060665+00:00,HYPE,39405.43000000001,218340.0,7570.0,16120.0,67.169
2026-07-12T01:05:05.548149+00:00,SOL,107155.22000000004,820320.0,31770.0,11210.0,76.3099
2026-07-12T01:05:05.548149+00:00,HYPE,39619.740000000005,219540.0,7750.0,16850.0,67.008
2026-07-12T04:36:50.324509+00:00,SOL,101135.82000000004,823570.0,26660.0,11420.0,76.8943
2026-07-12T04:36:50.324509+00:00,HYPE,39409.9,220560.0,7630.0,16740.0,67.091
2026-07-12T07:15:02.963993+00:00,SOL,94069.09000000005,826400.0,27280.0,11430.0,76.6863
2026-07-12T07:15:02.963993+00:00,HYPE,44112.50000000001,225830.0,8150.0,26540.0,66.958
2026-07-12T09:17:30.880119+00:00,SOL,104988.97000000003,832520.0,26720.0,17170.0,76.6966
2026-07-12T09:17:30.880119+00:00,HYPE,46986.770000000004,223790.0,5900.0,28110.0,66.911
2026-07-12T10:51:00.478685+00:00,SOL,104469.06000000001,832730.0,26230.0,17270.0,76.8945
2026-07-12T10:51:00.478685+00:00,HYPE,45369.61000000001,224960.0,6610.0,26680.0,66.724
2026-07-12T11:52:19.043481+00:00,SOL,104542.03000000001,832730.0,26230.0,17280.0,77.2856
2026-07-12T11:52:19.043481+00:00,HYPE,45895.950000000004,225110.0,6610.0,26830.0,67.028
2026-07-12T13:01:34.645224+00:00,SOL,98602.22000000002,832640.0,25150.0,17090.0,77.2991
2026-07-12T13:01:34.645224+00:00,HYPE,51705.409999999996,227780.0,8010.0,27800.0,66.661
2026-07-12T14:37:18.560264+00:00,SOL,84690.95000000003,833460.0,25190.0,17030.0,77.3645
2026-07-12T14:37:18.560264+00:00,HYPE,39056.920000000006,229460.0,7800.0,27030.0,67.067
2026-07-12T15:39:56.232998+00:00,SOL,84590.97,834340.0,24010.0,16000.0,77.5793
2026-07-12T15:39:56.232998+00:00,HYPE,34742.7,230650.0,8070.0,27420.0,67.628
2026-07-12T16:33:48.132438+00:00,SOL,82782.36000000002,834340.0,23910.0,15260.0,77.6181
2026-07-12T16:33:48.132438+00:00,HYPE,35758.75,231660.0,8320.0,28100.0,67.834
2026-07-12T17:40:47.581169+00:00,SOL,70870.74000000003,835040.0,23220.0,14380.0,77.6946
2026-07-12T17:40:47.581169+00:00,HYPE,38461.30000000001,232220.0,8820.0,26750.0,67.989
2026-07-12T18:36:09.841500+00:00,SOL,70901.72000000004,835310.0,23580.0,14000.0,77.5037
2026-07-12T18:36:09.841500+00:00,HYPE,36874.01,234070.0,8620.0,28540.0,67.916
2026-07-12T19:48:27.317078+00:00,SOL,64976.900000000016,835490.0,22680.0,13250.0,77.7864
2026-07-12T19:48:27.317078+00:00,HYPE,36865.310000000005,234070.0,8620.0,28530.0,68.093
2026-07-12T20:36:40.428473+00:00,SOL,63966.10000000002,835520.0,22160.0,12960.0,77.6759
2026-07-12T20:36:40.428473+00:00,HYPE,38281.02000000001,234970.0,8620.0,29780.0,67.848
2026-07-12T21:31:38.866747+00:00,SOL,61529.610000000015,835710.0,21380.0,13080.0,77.3797
2026-07-12T21:31:38.866747+00:00,HYPE,38665.29000000001,235050.0,8610.0,30190.0,67.726
2026-07-12T22:29:42.715270+00:00,SOL,64603.00000000001,836820.0,21940.0,14160.0,76.889
2026-07-12T22:29:42.715270+00:00,HYPE,38665.29000000001,235050.0,8610.0,30190.0,67.352
2026-07-12T23:28:49.592529+00:00,SOL,55886.76000000001,836450.0,21220.0,13160.0,76.9964
2026-07-12T23:28:49.592529+00:00,HYPE,35785.86000000001,235050.0,8610.0,27730.0,67.188
2026-07-13T01:05:07.231037+00:00,SOL,48679.19999999999,843870.0,18450.0,14480.0,77.6264
2026-07-13T01:05:07.231037+00:00,HYPE,36331.110000000015,239760.0,8480.0,31970.0,67.529
2026-07-13T04:44:08.609922+00:00,SOL,46020.729999999996,846370.0,16410.0,16440.0,76.1873
2026-07-13T04:44:08.609922+00:00,HYPE,43190.46000000002,247340.0,10930.0,36640.0,65.781
2026-07-13T07:54:40.376375+00:00,SOL,33989.140000000014,847150.0,15220.0,8450.0,76.6178
2026-07-13T07:54:40.376375+00:00,HYPE,52396.82,259710.0,17180.0,37890.0,65.335
2026-07-13T10:52:07.326788+00:00,SOL,54157.95000000001,859720.0,24170.0,13310.0,76.435
2026-07-13T10:52:07.326788+00:00,HYPE,52757.6,250110.0,16940.0,26920.0,65.081
2026-07-13T13:13:47.493830+00:00,SOL,57044.44,860210.0,23670.0,15670.0,75.8768
2026-07-13T13:13:47.493830+00:00,HYPE,48777.69000000002,256830.0,22570.0,27030.0,64.146
2026-07-13T15:56:50.551657+00:00,SOL,55171.85999999999,863980.0,26170.0,17270.0,75.8961
2026-07-13T15:56:50.551657+00:00,HYPE,44936.99000000002,263200.0,27820.0,25360.0,63.908
2026-07-13T17:52:37.606652+00:00,SOL,65111.87999999999,869100.0,27120.0,22980.0,74.9075
2026-07-13T17:52:37.606652+00:00,HYPE,45104.74000000003,267410.0,31920.0,26260.0,63.656
2026-07-13T19:15:26.007919+00:00,SOL,65250.81999999999,870580.0,27530.0,24160.0,75.0329
2026-07-13T19:15:26.007919+00:00,HYPE,47174.81000000002,268210.0,32650.0,24660.0,63.743
2026-07-13T20:36:57.806783+00:00,SOL,65225.83,871070.0,27720.0,24330.0,74.9941
2026-07-13T20:36:57.806783+00:00,HYPE,45759.090000000026,268210.0,32650.0,23410.0,63.479
2026-07-13T21:34:14.695999+00:00,SOL,68546.17000000003,872520.0,27990.0,25870.0,74.587
2026-07-13T21:34:14.695999+00:00,HYPE,50273.78000000002,268780.0,32980.0,23520.0,63.307
2026-07-13T22:36:13.866504+00:00,SOL,65902.71000000002,872180.0,27460.0,24610.0,74.7933
2026-07-13T22:36:13.866504+00:00,HYPE,50807.28000000002,269400.0,33500.0,23620.0,63.241
2026-07-13T23:33:34.884096+00:00,SOL,66357.62000000002,872180.0,27460.0,24680.0,74.871
2026-07-13T23:33:34.884096+00:00,HYPE,51273.59000000002,271440.0,35550.0,23620.0,63.373
2026-07-14T01:02:45.797071+00:00,SOL,60237.81,871830.0,20370.0,23620.0,75.4936
2026-07-14T01:02:45.797071+00:00,HYPE,50625.390000000014,271590.0,35200.0,19400.0,63.447
2026-07-14T04:16:06.431629+00:00,SOL,56375.590000000004,872200.0,20220.0,21840.0,75.1955
2026-07-14T04:16:06.431629+00:00,HYPE,48770.64000000002,273300.0,35320.0,16710.0,63.067
2026-07-14T06:32:56.412406+00:00,SOL,60346.78999999999,876260.0,20020.0,25130.0,75.3652
2026-07-14T06:32:56.412406+00:00,HYPE,32474.400000000016,275590.0,34160.0,8170.0,63.82
2026-07-14T08:53:48.350627+00:00,SOL,51519.56,867920.0,13850.0,19950.0,75.2786
2026-07-14T08:53:48.350627+00:00,HYPE,42218.53000000001,265400.0,29450.0,14220.0,63.679
2026-07-14T10:38:51.414107+00:00,SOL,41695.69000000001,868290.0,10650.0,19910.0,75.2873
2026-07-14T10:38:51.414107+00:00,HYPE,43541.05000000001,268500.0,31140.0,14880.0,63.763
2026-07-14T12:00:58.502220+00:00,SOL,44264.170000000006,870780.0,11930.0,19700.0,75.4832
2026-07-14T12:00:58.502220+00:00,HYPE,43876.680000000015,269880.0,30850.0,16150.0,63.668
2026-07-14T14:10:30.434068+00:00,SOL,59731.09,877800.0,16370.0,21780.0,76.8613
2026-07-14T14:10:30.434068+00:00,HYPE,46614.26000000001,273750.0,25260.0,18870.0,64.602
2026-07-14T15:43:17.836176+00:00,SOL,74438.15000000001,882790.0,19650.0,24860.0,77.6
2026-07-14T15:43:17.836176+00:00,HYPE,61817.38000000001,278410.0,26210.0,18830.0,64.876
2026-07-14T16:51:14.677615+00:00,SOL,91558.71999999999,892270.0,27500.0,24610.0,77.5078
2026-07-14T16:51:14.677615+00:00,HYPE,57998.69,278660.0,24570.0,18030.0,64.825
2026-07-14T17:57:17.280316+00:00,SOL,85588.90999999999,892610.0,27010.0,21010.0,77.3134
2026-07-14T17:57:17.280316+00:00,HYPE,59134.47000000001,279130.0,21880.0,18420.0,65.163
2026-07-14T19:17:02.153489+00:00,SOL,83546.33,891850.0,26350.0,19730.0,77.4982
2026-07-14T19:17:02.153489+00:00,HYPE,67622.39000000001,281870.0,21160.0,20750.0,65.347
2026-07-14T20:35:32.653344+00:00,SOL,88974.22000000002,893000.0,26550.0,21480.0,77.0923
2026-07-14T20:35:32.653344+00:00,HYPE,82897.01000000002,285940.0,21370.0,25480.0,65.317
2026-07-14T21:35:46.463037+00:00,SOL,85763.86000000002,893000.0,26270.0,19980.0,77.3918
2026-07-14T21:35:46.463037+00:00,HYPE,85437.20000000003,286940.0,21100.0,25960.0,65.851
2026-07-14T22:38:17.213538+00:00,SOL,89087.22000000003,894460.0,27050.0,20860.0,77.9876
2026-07-14T22:38:17.213538+00:00,HYPE,84909.89000000001,286980.0,20620.0,25860.0,65.993
2026-07-14T23:31:58.047214+00:00,SOL,90710.88000000002,894660.0,27390.0,21250.0,77.8955
2026-07-14T23:31:58.047214+00:00,HYPE,84664.23000000001,287200.0,19220.0,25860.0,65.561
2026-07-15T00:58:55.147257+00:00,SOL,95002.03000000001,896990.0,29330.0,21620.0,77.7948
2026-07-15T00:58:55.147257+00:00,HYPE,84568.25000000003,287650.0,19270.0,26110.0,65.739
2026-07-15T04:06:52.811070+00:00,SOL,95667.90999999999,897270.0,29630.0,22250.0,77.8913
2026-07-15T04:06:52.811070+00:00,HYPE,83490.59000000001,289940.0,17880.0,27030.0,67.136
2026-07-15T06:26:16.108865+00:00,SOL,96445.77,899660.0,30980.0,20460.0,78.4877
2026-07-15T06:26:16.108865+00:00,HYPE,84789.02000000002,290690.0,16370.0,27580.0,67.046
2026-07-15T08:41:24.732104+00:00,SOL,96224.81000000003,885560.0,28700.0,16640.0,77.5877
2026-07-15T08:41:24.732104+00:00,HYPE,75922.29999999999,279850.0,9730.0,20990.0,67.042
2026-07-15T10:27:56.332026+00:00,SOL,117181.61000000002,890560.0,31020.0,19940.0,77.5575
2026-07-15T10:27:56.332026+00:00,HYPE,86745.50000000001,291630.0,16290.0,23680.0,67.862
2026-07-15T11:58:45.052221+00:00,SOL,135126.00000000006,892790.0,33400.0,19980.0,77.5955
2026-07-15T11:58:45.052221+00:00,HYPE,95059.65,293540.0,17430.0,24170.0,68.295
2026-07-15T13:47:32.985407+00:00,SOL,137567.52000000002,901470.0,40750.0,21010.0,78.2221
2026-07-15T13:47:32.985407+00:00,HYPE,106123.79,301730.0,19340.0,25950.0,68.3
2026-07-15T15:20:32.525150+00:00,SOL,121270.74000000002,901630.0,38740.0,17900.0,78.2712
2026-07-15T15:20:32.525150+00:00,HYPE,96549.18,312270.0,25670.0,25700.0,67.936
2026-07-15T16:49:12.276587+00:00,SOL,123570.29000000002,903980.0,40770.0,18770.0,77.6918
2026-07-15T16:49:12.276587+00:00,HYPE,98881.68999999999,314930.0,26440.0,27520.0,67.459
2026-07-15T18:00:59.478241+00:00,SOL,107651.46000000002,904530.0,33110.0,18000.0,78.1029
2026-07-15T18:00:59.478241+00:00,HYPE,96197.11999999998,315160.0,26460.0,27280.0,67.853
2026-07-15T19:34:28.974680+00:00,SOL,688735.2599999998,1058350.0,169740.0,35070.0,77.4802
2026-07-15T19:34:28.974680+00:00,HYPE,83270.51000000002,315520.0,26800.0,21970.0,67.02
2026-07-15T20:40:30.811216+00:00,SOL,684975.0099999997,1059480.0,170840.0,34810.0,77.6812
2026-07-15T20:40:30.811216+00:00,HYPE,68651.53,315620.0,26690.0,19640.0,67.268
2026-07-15T21:37:33.067164+00:00,SOL,684692.0699999997,1059480.0,170840.0,34770.0,77.4979
2026-07-15T21:37:33.067164+00:00,HYPE,62893.229999999996,315660.0,26630.0,18880.0,67.094
2026-07-15T22:38:37.613849+00:00,SOL,681146.7899999998,1059480.0,169940.0,33870.0,77.7949
2026-07-15T22:38:37.613849+00:00,HYPE,63007.03,315660.0,26590.0,19080.0,67.059
2026-07-15T23:39:00.346457+00:00,SOL,682736.4599999996,1060910.0,171040.0,33680.0,77.6765
2026-07-15T23:39:00.346457+00:00,HYPE,63116.93,315810.0,25940.0,21320.0,66.906
2026-07-16T01:06:19.891015+00:00,SOL,678390.3199999998,1061700.0,169570.0,33570.0,77.1951
2026-07-16T01:06:19.891015+00:00,HYPE,63669.719999999994,316100.0,26500.0,20920.0,66.544
2026-07-16T04:23:51.345103+00:00,SOL,682976.3799999999,1066650.0,172380.0,33290.0,76.8901
2026-07-16T04:23:51.345103+00:00,HYPE,62676.56,337000.0,25350.0,40560.0,66.166
2026-07-16T06:39:53.831299+00:00,SOL,673784.2299999999,1067070.0,169750.0,32410.0,77.3643
2026-07-16T06:39:53.831299+00:00,HYPE,76431.09,337380.0,26610.0,41960.0,66.63
2026-07-16T09:00:08.278924+00:00,SOL,670317.9099999999,1057000.0,159850.0,28960.0,76.4013
2026-07-16T09:00:08.278924+00:00,HYPE,88829.31000000003,357740.0,44350.0,45560.0,65.966
2026-07-16T11:10:24.449922+00:00,SOL,649476.08,1067810.0,164330.0,36290.0,76.2957
2026-07-16T11:10:24.449922+00:00,HYPE,79995.64000000003,357970.0,37050.0,42720.0,65.759
2026-07-16T12:48:55.460683+00:00,SOL,635909.7899999999,1069020.0,162400.0,37990.0,76.0789
2026-07-16T12:48:55.460683+00:00,HYPE,64805.85000000002,357970.0,34140.0,39770.0,65.484
2026-07-16T14:53:19.208149+00:00,SOL,634033.17,1074760.0,162080.0,40140.0,76.7122
2026-07-16T14:53:19.208149+00:00,HYPE,50490.590000000004,353660.0,25160.0,45650.0,65.92
2026-07-16T16:11:32.780452+00:00,SOL,630441.8599999999,1074880.0,161740.0,38580.0,76.493
2026-07-16T16:11:32.780452+00:00,HYPE,48850.219999999994,354400.0,24700.0,44400.0,64.661
2026-07-16T17:39:25.287544+00:00,SOL,627518.48,1075070.0,159680.0,38110.0,76.1874
2026-07-16T17:39:25.287544+00:00,HYPE,60626.119999999995,358830.0,27920.0,50890.0,62.459
2026-07-16T18:46:15.086803+00:00,SOL,50204.960000000014,1076140.0,24990.0,22190.0,75.792
2026-07-16T18:46:15.086803+00:00,HYPE,60781.51000000001,357710.0,27760.0,53300.0,62.365
2026-07-16T19:57:18.798138+00:00,SOL,48616.27000000001,1076140.0,23550.0,21780.0,76.1736
2026-07-16T19:57:18.798138+00:00,HYPE,60170.729999999996,357960.0,27870.0,53300.0,62.37
2026-07-16T20:55:37.108549+00:00,SOL,47881.42000000001,1076140.0,23340.0,21670.0,75.9588
2026-07-16T20:55:37.108549+00:00,HYPE,60281.719999999994,358010.0,27770.0,53780.0,62.599
2026-07-16T21:59:27.353383+00:00,SOL,47911.42000000001,1076130.0,23490.0,21720.0,76.1669
2026-07-16T21:59:27.353383+00:00,HYPE,60244.579999999994,358010.0,27770.0,53740.0,62.341
2026-07-16T23:00:42.478787+00:00,SOL,44990.01000000002,1076360.0,22460.0,21770.0,75.4819
2026-07-16T23:00:42.478787+00:00,HYPE,59935.64999999999,358010.0,27770.0,52640.0,61.789
2026-07-17T00:10:36.198760+00:00,SOL,44561.11000000001,1077060.0,22950.0,21530.0,75.5583
2026-07-17T00:10:36.198760+00:00,HYPE,61164.98999999999,358390.0,27950.0,52770.0,61.34
2026-07-17T03:34:58.385889+00:00,SOL,45735.900000000016,1077500.0,22440.0,22240.0,75.6846
2026-07-17T03:34:58.385889+00:00,HYPE,62967.96,359930.0,29100.0,33210.0,60.359
2026-07-17T06:03:08.647045+00:00,SOL,53049.41000000002,1079070.0,17670.0,24070.0,74.7773
2026-07-17T06:03:08.647045+00:00,HYPE,88569.92,368350.0,30390.0,43090.0,59.311
2026-07-17T08:26:01.418854+00:00,SOL,45221.96000000001,871920.0,12780.0,18790.0,74.409
2026-07-17T08:26:01.418854+00:00,HYPE,64224.15999999999,307680.0,35180.0,22870.0,59.398
2026-07-17T10:16:17.256263+00:00,SOL,48952.23,877560.0,9250.0,18390.0,74.7994
2026-07-17T10:16:17.256263+00:00,HYPE,63519.869999999995,327760.0,44060.0,23220.0,60.536
2026-07-17T11:48:54.509941+00:00,SOL,50636.88,879060.0,9820.0,19630.0,74.8753
2026-07-17T11:48:54.509941+00:00,HYPE,70239.40999999999,334900.0,52470.0,23990.0,60.375
2026-07-17T13:10:52.641113+00:00,SOL,47582.479999999996,880150.0,9290.0,18220.0,73.7852
2026-07-17T13:10:52.641113+00:00,HYPE,79083.04000000004,344660.0,63800.0,23990.0,59.586
2026-07-17T14:52:49.880474+00:00,SOL,48802.26,884790.0,10450.0,16690.0,74.2577
2026-07-17T14:52:49.880474+00:00,HYPE,80118.10000000002,348870.0,64320.0,25080.0,60.219
2026-07-17T16:08:35.398413+00:00,SOL,61633.72000000001,886940.0,12200.0,18270.0,74.6398
2026-07-17T16:08:35.398413+00:00,HYPE,79773.98000000001,348870.0,64530.0,24190.0,60.466
2026-07-17T17:28:52.193116+00:00,SOL,83369.34999999998,889310.0,15180.0,19070.0,75.2635
2026-07-17T17:28:52.193116+00:00,HYPE,70262.57,350300.0,63870.0,18150.0,60.675
2026-07-17T18:34:23.195263+00:00,SOL,114196.16999999998,905040.0,24720.0,27630.0,75.0011
2026-07-17T18:34:23.195263+00:00,HYPE,69098.69,350300.0,64460.0,17320.0,60.12
2026-07-17T19:45:07.532614+00:00,SOL,123308.26,907440.0,25990.0,30830.0,75.1439
2026-07-17T19:45:07.532614+00:00,HYPE,69002.41,350300.0,64210.0,17320.0,60.175
2026-07-17T20:44:09.473705+00:00,SOL,133381.23000000004,908240.0,26410.0,32060.0,74.9497
2026-07-17T20:44:09.473705+00:00,HYPE,68673.28,350350.0,64210.0,16980.0,59.835
2026-07-17T21:34:51.762910+00:00,SOL,136321.68000000002,909510.0,27560.0,32320.0,74.978
2026-07-17T21:34:51.762910+00:00,HYPE,68673.9,350350.0,64220.0,16980.0,59.874
2026-07-17T22:29:39.835669+00:00,SOL,137602.55000000005,909310.0,27730.0,32320.0,74.868
2026-07-17T22:29:39.835669+00:00,HYPE,69095.84999999999,350200.0,64440.0,16980.0,59.701
2026-07-17T23:25:59.988781+00:00,SOL,136950.67000000004,908980.0,27250.0,31840.0,74.9538
2026-07-17T23:25:59.988781+00:00,HYPE,68814.99999999999,350200.0,64270.0,16980.0,59.699
2026-07-18T00:52:52.287683+00:00,SOL,150250.01000000007,911580.0,29930.0,31790.0,75.0423
2026-07-18T00:52:52.287683+00:00,HYPE,66555.56,350640.0,63850.0,15140.0,59.713
2026-07-18T03:49:23.071144+00:00,SOL,148225.43000000002,911600.0,29930.0,30660.0,75.1955
2026-07-18T03:49:23.071144+00:00,HYPE,74334.40999999999,353800.0,64250.0,16220.0,59.485
2026-07-18T05:58:19.914261+00:00,SOL,135336.03000000003,911840.0,29900.0,29080.0,74.8523
2026-07-18T05:58:19.914261+00:00,HYPE,58859.78,354910.0,63120.0,7570.0,58.775
2026-07-18T07:52:12.411762+00:00,SOL,137379.63000000006,914220.0,31750.0,28660.0,74.9184
2026-07-18T07:52:12.411762+00:00,HYPE,53807.89999999999,354920.0,60940.0,7140.0,59.309
2026-07-18T09:16:43.276115+00:00,SOL,131797.66000000003,895610.0,28750.0,21000.0,74.8303
2026-07-18T09:16:43.276115+00:00,HYPE,44547.32000000001,352800.0,33730.0,6930.0,58.916
2026-07-18T10:45:06.811040+00:00,SOL,133026.43000000005,897930.0,29650.0,22010.0,74.8173
2026-07-18T10:45:06.811040+00:00,HYPE,37960.22000000001,353100.0,22590.0,5670.0,59.009
2026-07-18T11:47:05.714674+00:00,SOL,134495.15000000005,898290.0,30120.0,21980.0,74.9104
2026-07-18T11:47:05.714674+00:00,HYPE,35191.08000000001,353100.0,20420.0,5670.0,58.694
2026-07-18T12:56:55.185597+00:00,SOL,133855.30000000002,898240.0,30170.0,21710.0,74.9771
2026-07-18T12:56:55.185597+00:00,HYPE,26346.350000000002,353100.0,10420.0,5670.0,58.958
2026-07-18T14:18:51.027549+00:00,SOL,123272.41000000002,898570.0,26280.0,20470.0,74.7109
2026-07-18T14:18:51.027549+00:00,HYPE,23675.27,353160.0,6430.0,4120.0,58.79
2026-07-18T15:27:38.115763+00:00,SOL,121975.69000000002,899110.0,25980.0,20730.0,74.8377
2026-07-18T15:27:38.115763+00:00,HYPE,23468.120000000003,354030.0,5780.0,5300.0,59.125
2026-07-18T16:26:36.546833+00:00,SOL,101250.82000000002,899180.0,23410.0,18990.0,74.9574
2026-07-18T16:26:36.546833+00:00,HYPE,23468.120000000003,354030.0,5780.0,5300.0,59.272
2026-07-18T17:29:04.770609+00:00,SOL,89930.09000000001,899460.0,21270.0,19270.0,75.0563
2026-07-18T17:29:04.770609+00:00,HYPE,23052.100000000006,354030.0,4210.0,5300.0,59.405
2026-07-18T18:27:55.166381+00:00,SOL,60667.960000000014,899870.0,12740.0,10630.0,75.4273
2026-07-18T18:27:55.166381+00:00,HYPE,22354.64,354030.0,3550.0,5300.0,60.015
2026-07-18T19:41:43.146252+00:00,SOL,53445.50000000001,899780.0,12470.0,7810.0,75.283
2026-07-18T19:41:43.146252+00:00,HYPE,22417.130000000005,354080.0,3550.0,5360.0,59.881
2026-07-18T20:27:37.691859+00:00,SOL,44518.30000000001,899480.0,12140.0,6790.0,75.4022
2026-07-18T20:27:37.691859+00:00,HYPE,22417.130000000005,354080.0,3550.0,5360.0,59.975
2026-07-18T21:22:34.897398+00:00,SOL,42372.65000000002,900080.0,11470.0,6840.0,75.4864
2026-07-18T21:22:34.897398+00:00,HYPE,22351.520000000004,354080.0,3540.0,5310.0,60.082
2026-07-18T22:11:45.071219+00:00,SOL,42457.640000000014,900180.0,11570.0,6660.0,75.5526
2026-07-18T22:11:45.071219+00:00,HYPE,22351.520000000004,354080.0,3540.0,5310.0,60.333
2026-07-18T23:09:37.054046+00:00,SOL,48906.22000000003,904850.0,11340.0,12140.0,75.4249
2026-07-18T23:09:37.054046+00:00,HYPE,23661.210000000003,354070.0,3360.0,5960.0,60.355
2026-07-19T00:07:42.176175+00:00,SOL,40170.98000000002,906490.0,8610.0,14010.0,75.4711
2026-07-19T00:07:42.176175+00:00,HYPE,25028.02,354850.0,3360.0,7290.0,60.284
2026-07-19T03:50:32.275996+00:00,SOL,43220.340000000026,907360.0,9270.0,15460.0,75.885
2026-07-19T03:50:32.275996+00:00,HYPE,16654.17,356170.0,1740.0,6250.0,60.745
2026-07-19T06:24:39.138339+00:00,SOL,43958.18000000003,908430.0,9410.0,16270.0,76.0376
2026-07-19T06:24:39.138339+00:00,HYPE,6905.440000000001,357900.0,2640.0,4950.0,60.78
2026-07-19T08:41:12.665061+00:00,SOL,38833.24000000003,901600.0,6770.0,13860.0,76.4776
2026-07-19T08:41:12.665061+00:00,HYPE,7746.330000000001,355900.0,2610.0,5670.0,61.18
2026-07-19T10:14:33.766136+00:00,SOL,36458.73000000002,902960.0,5850.0,15070.0,76.1623
2026-07-19T10:14:33.766136+00:00,HYPE,8287.860000000002,356540.0,2380.0,6210.0,61.083
2026-07-19T11:31:13.469945+00:00,SOL,32015.610000000015,904450.0,4550.0,16480.0,76.4533
2026-07-19T11:31:13.469945+00:00,HYPE,8327.810000000001,356810.0,2380.0,6480.0,61.296
2026-07-19T12:34:41.734257+00:00,SOL,29928.030000000013,904450.0,4230.0,16100.0,76.283
2026-07-19T12:34:41.734257+00:00,HYPE,8487.670000000002,357030.0,2390.0,6850.0,60.966
2026-07-19T14:10:04.378733+00:00,SOL,28337.370000000014,904620.0,4130.0,15370.0,76.3911
2026-07-19T14:10:04.378733+00:00,HYPE,8263.810000000001,357260.0,2310.0,7080.0,61.187
2026-07-19T15:13:03.325605+00:00,SOL,30609.890000000018,905610.0,5270.0,15250.0,76.3887
2026-07-19T15:13:03.325605+00:00,HYPE,7709.620000000001,357260.0,2310.0,6850.0,60.97
2026-07-19T16:10:12.487821+00:00,SOL,30753.870000000014,905630.0,5600.0,15260.0,76.2949
2026-07-19T16:10:12.487821+00:00,HYPE,7709.620000000001,357260.0,2310.0,6850.0,60.743
2026-07-19T17:13:49.640713+00:00,SOL,36406.75000000001,908710.0,9630.0,15130.0,76.1937
2026-07-19T17:13:49.640713+00:00,HYPE,7709.620000000001,357260.0,2310.0,6850.0,60.773
2026-07-19T18:08:27.473290+00:00,SOL,35925.83,908850.0,9780.0,14780.0,75.6706
2026-07-19T18:08:27.473290+00:00,HYPE,7754.77,357420.0,2320.0,7000.0,60.615
2026-07-19T19:29:42.752870+00:00,SOL,30700.88000000002,908860.0,8460.0,14310.0,76.0075
2026-07-19T19:29:42.752870+00:00,HYPE,7954.14,357640.0,2320.0,7160.0,60.838
2026-07-19T20:24:00.068078+00:00,SOL,30158.990000000016,909420.0,9000.0,14020.0,76.0895
2026-07-19T20:24:00.068078+00:00,HYPE,7954.14,357640.0,2320.0,7160.0,61.041
2026-07-19T21:12:49.638711+00:00,SOL,29939.030000000013,909420.0,8600.0,13840.0,76.2824
2026-07-19T21:12:49.638711+00:00,HYPE,7954.14,357640.0,2320.0,7160.0,61.124
2026-07-19T22:08:56.428142+00:00,SOL,29871.040000000015,909570.0,8580.0,13960.0,76.0149
2026-07-19T22:08:56.428142+00:00,HYPE,7954.14,357640.0,2320.0,7160.0,60.909
2026-07-19T23:08:36.952413+00:00,SOL,30977.830000000005,911850.0,9210.0,11920.0,76.1487
2026-07-19T23:08:36.952413+00:00,HYPE,6222.49,357640.0,2280.0,6510.0,60.911
2026-07-20T00:09:33.791272+00:00,SOL,24204.180000000004,912930.0,9510.0,9970.0,76.7891
2026-07-20T00:09:33.791272+00:00,HYPE,4855.69,357640.0,2280.0,5180.0,61.48
2026-07-20T04:01:19.700071+00:00,SOL,24640.100000000002,926800.0,14240.0,19360.0,76.7923
2026-07-20T04:01:19.700071+00:00,HYPE,4419.200000000001,358390.0,2790.0,4210.0,60.413
2026-07-20T07:26:42.636403+00:00,SOL,31210.81000000001,929610.0,17280.0,19260.0,76.02
2026-07-20T07:26:42.636403+00:00,HYPE,2512.1,359850.0,2180.0,3670.0,60.609
2026-07-20T10:24:27.705936+00:00,SOL,51247.79000000001,946550.0,40110.0,13770.0,76.7713
2026-07-20T10:24:27.705936+00:00,HYPE,1951.73,358980.0,1680.0,3150.0,60.835
2026-07-20T12:29:46.252801+00:00,SOL,153842.27999999997,1023430.0,93010.0,37700.0,76.9962
2026-07-20T12:29:46.252801+00:00,HYPE,2304.75,360020.0,1740.0,3500.0,61.03
2026-07-20T14:40:00.618124+00:00,SOL,158798.27,1013210.0,94370.0,38220.0,76.3919
2026-07-20T14:40:00.618124+00:00,HYPE,3467.1300000000006,360290.0,2280.0,3720.0,60.882
2026-07-20T16:13:34.139981+00:00,SOL,157593.54999999996,1015380.0,94190.0,39610.0,77.8941
2026-07-20T16:13:34.139981+00:00,HYPE,3927.7400000000007,361210.0,3130.0,3850.0,62.275
2026-07-20T18:20:01.302551+00:00,SOL,153486.36,1018070.0,91870.0,40270.0,78.2851
2026-07-20T18:20:01.302551+00:00,HYPE,3882.5900000000006,361210.0,3120.0,3700.0,62.315
2026-07-20T20:03:55.264604+00:00,SOL,190506.94,1034450.0,110060.0,40960.0,77.7007
2026-07-20T20:03:55.264604+00:00,HYPE,4173.370000000001,361700.0,3120.0,4270.0,61.965
2026-07-20T21:30:20.869013+00:00,SOL,190522.94,1033960.0,110090.0,40960.0,78.0975
2026-07-20T21:30:20.869013+00:00,HYPE,12101.359999999993,363670.0,3780.0,5590.0,62.631
2026-07-20T22:36:51.138548+00:00,SOL,184888.04,1033940.0,109630.0,39760.0,77.7946
2026-07-20T22:36:51.138548+00:00,HYPE,15767.629999999996,364440.0,3880.0,6260.0,62.335
2026-07-20T23:38:08.429214+00:00,SOL,183960.20999999996,1033960.0,108880.0,38350.0,77.8789
2026-07-20T23:38:08.429214+00:00,HYPE,15767.629999999996,364440.0,3880.0,6260.0,62.646
2026-07-21T01:06:25.349339+00:00,SOL,183051.40000000002,1033680.0,108530.0,36860.0,78.2941
2026-07-21T01:06:25.349339+00:00,HYPE,16088.059999999996,365500.0,3880.0,7320.0,62.596
2026-07-21T04:29:29.475598+00:00,SOL,182813.47000000003,1034520.0,107850.0,34530.0,78.3018
2026-07-21T04:29:29.475598+00:00,HYPE,17171.1,366560.0,3700.0,7750.0,62.675
2026-07-21T07:10:39.489769+00:00,SOL,177556.61999999997,1035500.0,106500.0,34250.0,78.7686
2026-07-21T07:10:39.489769+00:00,HYPE,17186.219999999998,366960.0,2710.0,7750.0,63.207
2026-07-21T09:37:53.360299+00:00,SOL,156442.96999999997,1032580.0,78450.0,31270.0,78.3873
2026-07-21T09:37:53.360299+00:00,HYPE,17843.559999999998,364690.0,2540.0,8490.0,63.171
2026-07-21T11:28:24.332751+00:00,SOL,154479.44,1034610.0,79160.0,32260.0,78.6562
2026-07-21T11:28:24.332751+00:00,HYPE,17149.15,364690.0,2530.0,7260.0,62.756
2026-07-21T12:53:50.249334+00:00,SOL,54165.52999999999,1035490.0,27400.0,6700.0,78.8627
2026-07-21T12:53:50.249334+00:00,HYPE,18039.32,366440.0,3570.0,7520.0,62.691
2026-07-21T14:58:29.251715+00:00,SOL,51360.13999999997,1035830.0,27090.0,6590.0,77.9855
2026-07-21T14:58:29.251715+00:00,HYPE,21178.61,369460.0,3490.0,9140.0,61.914
2026-07-21T16:23:49.780848+00:00,SOL,176841.11000000004,1036230.0,77490.0,31020.0,78.0507
2026-07-21T16:23:49.780848+00:00,HYPE,23580.850000000002,370330.0,3860.0,10090.0,61.59
2026-07-21T17:51:03.613308+00:00,SOL,189707.06,1038760.0,80370.0,31920.0,77.9491
2026-07-21T17:51:03.613308+00:00,HYPE,24225.850000000002,370420.0,4120.0,10490.0,60.533
2026-07-21T19:06:51.744843+00:00,SOL,158050.93000000002,1041190.0,65670.0,30970.0,77.85
2026-07-21T19:06:51.744843+00:00,HYPE,27004.88,369720.0,4290.0,11040.0,60.387
2026-07-21T20:34:27.475859+00:00,SOL,158433.86000000002,1041470.0,65850.0,30810.0,77.9301
2026-07-21T20:34:27.475859+00:00,HYPE,24415.320000000003,369830.0,4300.0,11030.0,60.394
2026-07-21T21:44:25.342681+00:00,SOL,158294.91,1041670.0,65920.0,30900.0,78.0669
2026-07-21T21:44:25.342681+00:00,HYPE,19977.420000000002,369930.0,4300.0,10050.0,60.73
2026-07-21T22:37:21.456885+00:00,SOL,158349.91,1041680.0,65930.0,30920.0,77.9105
2026-07-21T22:37:21.456885+00:00,HYPE,17879.890000000003,369930.0,4300.0,9500.0,60.846
2026-07-21T23:39:35.650962+00:00,SOL,158356.91,1041730.0,65930.0,30970.0,78.0313
2026-07-21T23:39:35.650962+00:00,HYPE,17886.090000000004,369920.0,4310.0,9500.0,60.645
2026-07-22T01:05:35.774423+00:00,SOL,158488.9,1041530.0,66340.0,31050.0,78.4024
2026-07-22T01:05:35.774423+00:00,HYPE,18060.73,370560.0,4360.0,9030.0,61.166
2026-07-22T04:32:03.845056+00:00,SOL,159001.97,1042700.0,67110.0,30890.0,78.0998
2026-07-22T04:32:03.845056+00:00,HYPE,18183.99,370750.0,4420.0,8640.0,60.552
2026-07-22T07:19:56.273326+00:00,SOL,162260.77000000002,1043150.0,66350.0,31120.0,77.645
2026-07-22T07:19:56.273326+00:00,HYPE,39165.31,382820.0,13350.0,17060.0,58.587
2026-07-22T09:54:47.349188+00:00,SOL,184530.95000000004,1075530.0,81110.0,48000.0,77.8178
2026-07-22T09:54:47.349188+00:00,HYPE,49345.00000000001,384180.0,18110.0,14950.0,58.772
2026-07-22T11:42:59.873570+00:00,SOL,194552.92,1077250.0,82630.0,47960.0,77.9942
2026-07-22T11:42:59.873570+00:00,HYPE,50513.24,384870.0,19650.0,15390.0,58.655
2026-07-22T13:10:08.873481+00:00,SOL,199569.91,1077760.0,82890.0,48470.0,77.753
2026-07-22T13:10:08.873481+00:00,HYPE,51251.78,385050.0,18400.0,15430.0,58.656
2026-07-22T15:15:38.115055+00:00,SOL,191765.43,1079960.0,83720.0,48850.0,78.7911
2026-07-22T15:15:38.115055+00:00,HYPE,49911.660000000025,386610.0,19200.0,17110.0,58.636
2026-07-22T16:54:06.457079+00:00,SOL,77471.23,1081670.0,33720.0,24650.0,78.9865
2026-07-22T16:54:06.457079+00:00,HYPE,48303.810000000005,387680.0,18960.0,18280.0,58.026
2026-07-22T18:04:10.766479+00:00,SOL,60854.91000000001,1082110.0,27610.0,23480.0,78.7447
2026-07-22T18:04:10.766479+00:00,HYPE,48083.13000000001,386830.0,18800.0,18950.0,59.075
2026-07-22T19:41:02.404377+00:00,SOL,60644.05000000001,1082150.0,27000.0,23720.0,78.0283
2026-07-22T19:41:02.404377+00:00,HYPE,64664.290000000015,391570.0,22410.0,20790.0,59.343
2026-07-22T20:44:25.185269+00:00,SOL,62018.05000000001,1082280.0,27000.0,24030.0,78.327
2026-07-22T20:44:25.185269+00:00,HYPE,65947.32,391820.0,22270.0,21120.0,59.386
2026-07-22T21:54:09.588468+00:00,SOL,61998.05000000001,1082280.0,27000.0,23830.0,78.3543
2026-07-22T21:54:09.588468+00:00,HYPE,66155.93000000001,392550.0,22630.0,21390.0,59.052
2026-07-22T22:55:17.381262+00:00,SOL,62569.05000000001,1082300.0,27040.0,23810.0,78.3739
2026-07-22T22:55:17.381262+00:00,HYPE,66634.93000000001,392950.0,23030.0,21390.0,59.08
2026-07-22T23:56:05.231003+00:00,SOL,63864.05000000001,1083130.0,27040.0,25020.0,78.3457
2026-07-22T23:56:05.231003+00:00,HYPE,66628.73000000001,392950.0,23020.0,21390.0,59.329
2026-07-23T02:15:06.774592+00:00,SOL,64338.06000000001,1082710.0,26350.0,25580.0,78.1084
2026-07-23T02:15:06.774592+00:00,HYPE,66833.91,393090.0,23130.0,21100.0,58.608
2026-07-23T05:34:54.153662+00:00,SOL,64801.01,1082800.0,26070.0,26080.0,78.0485
2026-07-23T05:34:54.153662+00:00,HYPE,64709.350000000006,393820.0,23220.0,20650.0,59.162
2026-07-23T07:59:57.665295+00:00,SOL,247800.04999999993,1107870.0,48960.0,50460.0,77.4578
2026-07-23T07:59:57.665295+00:00,HYPE,55468.24000000001,400650.0,20520.0,15260.0,58.631
2026-07-23T10:28:45.841655+00:00,SOL,239585.28999999995,1118220.0,39880.0,40990.0,77.8747
2026-07-23T10:28:45.841655+00:00,HYPE,117844.18,410150.0,14770.0,32710.0,59.24
2026-07-23T12:10:30.320320+00:00,SOL,231283.43999999997,1119860.0,38620.0,40760.0,77.7757
2026-07-23T12:10:30.320320+00:00,HYPE,128180.82999999999,414920.0,14120.0,35940.0,59.219
2026-07-23T14:29:04.137075+00:00,SOL,238337.33,1123280.0,41620.0,40980.0,76.857
2026-07-23T14:29:04.137075+00:00,HYPE,150151.12,422730.0,14120.0,44000.0,59.763
2026-07-23T16:08:14.090096+00:00,SOL,239248.48,1124300.0,40920.0,42090.0,76.2664
2026-07-23T16:08:14.090096+00:00,HYPE,148572.39,423330.0,14690.0,42110.0,59.109
2026-07-23T17:44:00.643142+00:00,SOL,240576.43,1127120.0,43280.0,42180.0,76.1703
2026-07-23T17:44:00.643142+00:00,HYPE,155277.35,424360.0,14730.0,42040.0,58.303
2026-07-23T18:49:49.551981+00:00,SOL,243321.16,1128140.0,44570.0,42270.0,75.9747
2026-07-23T18:49:49.551981+00:00,HYPE,152252.96,424560.0,13830.0,40800.0,58.102
2026-07-23T20:08:14.870766+00:00,SOL,244238.03999999995,1129100.0,45450.0,42490.0,76.1721
2026-07-23T20:08:14.870766+00:00,HYPE,133607.42,424570.0,10510.0,38260.0,58.213
2026-07-23T21:19:45.765914+00:00,SOL,243420.96999999994,1129060.0,45860.0,42400.0,76.098
2026-07-23T21:19:45.765914+00:00,HYPE,132296.15999999997,424270.0,10510.0,38350.0,57.699
2026-07-23T22:29:25.516782+00:00,SOL,243582.94999999995,1129240.0,45860.0,42580.0,76.2861
2026-07-23T22:29:25.516782+00:00,HYPE,131592.84,424280.0,9660.0,38370.0,57.472
2026-07-23T23:28:56.205356+00:00,SOL,241792.94999999995,1129240.0,45840.0,41320.0,76.3779
2026-07-23T23:28:56.205356+00:00,HYPE,131612.74,424290.0,9680.0,38380.0,57.952
2026-07-24T00:56:02.651973+00:00,SOL,243771.69999999995,1129400.0,46150.0,41380.0,75.9957
2026-07-24T00:56:02.651973+00:00,HYPE,131132.74,424300.0,9680.0,38080.0,57.339
2026-07-24T04:10:40.074132+00:00,SOL,261686.9,1130720.0,46710.0,41710.0,75.9092
2026-07-24T04:10:40.074132+00:00,HYPE,130999.61999999998,424360.0,9400.0,38420.0,58.335
2026-07-24T06:37:55.181233+00:00,SOL,84132.66,1133880.0,22410.0,17780.0,76.1375
2026-07-24T06:37:55.181233+00:00,HYPE,124212.12,424610.0,6900.0,40770.0,58.747
2026-07-24T09:08:37.539830+00:00,SOL,86336.48000000003,1029100.0,18540.0,10990.0,76.084
2026-07-24T09:08:37.539830+00:00,HYPE,78115.93000000001,364930.0,1870.0,25340.0,58.672
2026-07-24T11:10:01.395071+00:00,SOL,97518.40000000002,1036320.0,20980.0,15990.0,75.7383
2026-07-24T11:10:01.395071+00:00,HYPE,55881.090000000004,370100.0,3200.0,22910.0,58.424
2026-07-24T12:43:39.341920+00:00,SOL,95711.43000000002,1037620.0,19900.0,15720.0,75.439
2026-07-24T12:43:39.341920+00:00,HYPE,44523.299999999996,373280.0,6030.0,18890.0,58.271
2026-07-24T14:25:38.503625+00:00,SOL,111102.90000000002,1040640.0,21180.0,17480.0,74.2405
2026-07-24T14:25:38.503625+00:00,HYPE,21053.37,374150.0,8170.0,9900.0,58.125
2026-07-24T15:52:23.399634+00:00,SOL,113120.71,1041440.0,21210.0,17910.0,74.5221
2026-07-24T15:52:23.399634+00:00,HYPE,21453.910000000003,374860.0,8480.0,9900.0,58.737
2026-07-24T17:22:16.496442+00:00,SOL,111614.82000000005,1041810.0,18800.0,17960.0,74.4525
2026-07-24T17:22:16.496442+00:00,HYPE,24128.47,376320.0,10500.0,11220.0,58.738
2026-07-24T18:54:23.925813+00:00,SOL,109799.78000000003,1042970.0,17960.0,18990.0,74.4105
2026-07-24T18:54:23.925813+00:00,HYPE,18629.53,377110.0,11790.0,10720.0,58.655
2026-07-24T20:13:01.284138+00:00,SOL,109533.76000000002,1043570.0,17250.0,19340.0,74.3263
2026-07-24T20:13:01.284138+00:00,HYPE,18629.53,377110.0,11790.0,10720.0,58.207
2026-07-24T21:20:27.582442+00:00,SOL,119217.83000000006,1044510.0,17200.0,20450.0,73.8628
2026-07-24T21:20:27.582442+00:00,HYPE,18629.53,377110.0,11790.0,10720.0,57.355
2026-07-24T22:32:53.187389+00:00,SOL,119300.83000000003,1044560.0,17200.0,20320.0,74.2555
2026-07-24T22:32:53.187389+00:00,HYPE,26274.58,384560.0,15910.0,16010.0,57.195
2026-07-24T23:41:45.754417+00:00,SOL,121431.61000000003,1044670.0,17300.0,20330.0,74.3238
2026-07-24T23:41:45.754417+00:00,HYPE,26427.86,385200.0,16530.0,16000.0,57.478
2026-07-25T01:09:14.752395+00:00,SOL,120925.66000000003,1043470.0,17140.0,19630.0,74.5299
2026-07-25T01:09:14.752395+00:00,HYPE,26655.570000000003,385700.0,17380.0,16000.0,57.508
2026-07-25T04:26:17.946471+00:00,SOL,104948.26000000004,1048440.0,17380.0,23520.0,74.8244
2026-07-25T04:26:17.946471+00:00,HYPE,26655.570000000003,385700.0,17380.0,16000.0,57.373
2026-07-25T06:36:53.494220+00:00,SOL,100791.69,1049370.0,16970.0,22220.0,74.1874
2026-07-25T06:36:53.494220+00:00,HYPE,26520.43,386200.0,17610.0,15870.0,57.174
2026-07-25T08:36:34.935858+00:00,SOL,88728.87000000002,1031640.0,15400.0,19010.0,74.2713
2026-07-25T08:36:34.935858+00:00,HYPE,24339.53,386400.0,18030.0,14570.0,57.121
2026-07-25T11:40:21.167454+00:00,SOL,79391.80000000005,1033440.0,9400.0,13550.0,74.3566
2026-07-25T11:40:21.167454+00:00,HYPE,21882.31,389160.0,19200.0,8790.0,57.55
2026-07-25T12:42:59.975908+00:00,SOL,70005.74000000002,1033630.0,7240.0,13350.0,74.3447
2026-07-25T12:42:59.975908+00:00,HYPE,19975.000000000007,389920.0,17440.0,8390.0,57.485
2026-07-25T14:18:03.622566+00:00,SOL,61870.549999999996,1035230.0,6570.0,12440.0,74.3268
2026-07-25T14:18:03.622566+00:00,HYPE,20117.460000000006,389930.0,15540.0,8640.0,57.28
2026-07-25T15:36:15.212345+00:00,SOL,73548.40000000001,1036250.0,7320.0,11960.0,74.7109
2026-07-25T15:36:15.212345+00:00,HYPE,20033.800000000007,390300.0,15370.0,8640.0,57.861
2026-07-25T16:32:23.851269+00:00,SOL,80968.64000000001,1036750.0,7000.0,11990.0,74.6546
2026-07-25T16:32:23.851269+00:00,HYPE,17417.420000000002,390590.0,15260.0,7360.0,57.689
2026-07-25T17:39:53.058789+00:00,SOL,80391.76000000001,1036790.0,6930.0,11900.0,74.8676
2026-07-25T17:39:53.058789+00:00,HYPE,16979.630000000005,390910.0,13960.0,6890.0,58.264
2026-07-25T18:37:37.726438+00:00,SOL,79318.08,1036890.0,6630.0,10790.0,74.9506
2026-07-25T18:37:37.726438+00:00,HYPE,16895.170000000006,390910.0,13950.0,6830.0,58.387
2026-07-25T19:53:55.119378+00:00,SOL,86733.40999999999,1041000.0,6460.0,14360.0,74.9423
2026-07-25T19:53:55.119378+00:00,HYPE,16768.500000000004,390920.0,12940.0,6840.0,58.069
2026-07-25T20:41:18.976044+00:00,SOL,86951.37999999999,1041590.0,6470.0,14650.0,74.8089
2026-07-25T20:41:18.976044+00:00,HYPE,16768.500000000004,390920.0,12940.0,6840.0,58.044
2026-07-25T21:35:28.684534+00:00,SOL,79002.15999999999,1042190.0,6260.0,14510.0,74.865
2026-07-25T21:35:28.684534+00:00,HYPE,16768.500000000004,390920.0,12940.0,6840.0,58.024
2026-07-25T22:35:54.056937+00:00,SOL,79002.15999999999,1042190.0,6260.0,14510.0,74.666
2026-07-25T22:35:54.056937+00:00,HYPE,9177.17,390920.0,8810.0,1570.0,58.005
2026-07-25T23:41:22.956520+00:00,SOL,76881.37999999999,1042290.0,6260.0,14500.0,74.7536
2026-07-25T23:41:22.956520+00:00,HYPE,10609.95,393870.0,10480.0,2470.0,58.095
2026-07-26T01:13:50.850218+00:00,SOL,79099.16,1042840.0,6610.0,14500.0,75.086
2026-07-26T01:13:50.850218+00:00,HYPE,10553.230000000001,394000.0,9930.0,2470.0,58.242
2026-07-26T04:42:45.097376+00:00,SOL,87234.32999999999,1051410.0,12980.0,11570.0,75.5416
2026-07-26T04:42:45.097376+00:00,HYPE,11179.330000000002,394400.0,10200.0,2930.0,58.563
2026-07-26T07:19:35.983225+00:00,SOL,89130.13,1052320.0,12480.0,12310.0,75.3346
2026-07-26T07:19:35.983225+00:00,HYPE,10276.270000000002,395180.0,10010.0,3470.0,58.738
2026-07-26T09:30:05.293785+00:00,SOL,89543.09000000001,1047740.0,13330.0,12610.0,75.4683
2026-07-26T09:30:05.293785+00:00,HYPE,8149.190000000002,387480.0,5890.0,2690.0,58.726
2026-07-26T11:03:48.160049+00:00,SOL,87680.27,1049030.0,13880.0,13130.0,75.5179
2026-07-26T11:03:48.160049+00:00,HYPE,6177.08,388000.0,5500.0,2970.0,58.75
2026-07-26T12:14:45.822787+00:00,SOL,88107.23,1049220.0,13720.0,12920.0,75.4298
2026-07-26T12:14:45.822787+00:00,HYPE,6076.289999999999,388000.0,4400.0,2970.0,58.707
2026-07-26T13:58:21.797001+00:00,SOL,82403.81000000001,1049870.0,14070.0,12600.0,75.2974
2026-07-26T13:58:21.797001+00:00,HYPE,5995.57,388060.0,4160.0,2970.0,58.582
2026-07-26T15:05:58.026281+00:00,SOL,67246.34,1050460.0,13800.0,12330.0,75.3675
2026-07-26T15:05:58.026281+00:00,HYPE,5532.8200000000015,388380.0,4440.0,2790.0,58.88
2026-07-26T16:13:10.034984+00:00,SOL,56071.570000000014,1050960.0,12840.0,12220.0,75.7604
2026-07-26T16:13:10.034984+00:00,HYPE,5408.459999999999,388750.0,4260.0,3060.0,59.051
2026-07-26T17:15:38.203546+00:00,SOL,60018.170000000006,1051410.0,13310.0,12470.0,75.9213
2026-07-26T17:15:38.203546+00:00,HYPE,5408.459999999999,388750.0,4260.0,3060.0,59.394
2026-07-26T18:29:34.279723+00:00,SOL,61136.05,1051510.0,13330.0,12260.0,75.6959
2026-07-26T18:29:34.279723+00:00,HYPE,5001.8,388560.0,3910.0,3650.0,59.065
2026-07-26T19:44:41.547624+00:00,SOL,57260.45,1053100.0,13330.0,9840.0,75.6552
2026-07-26T19:44:41.547624+00:00,HYPE,5001.8,388560.0,3910.0,3650.0,58.948
2026-07-26T20:37:57.775069+00:00,SOL,53863.780000000006,1053100.0,13210.0,9280.0,75.819
2026-07-26T20:37:57.775069+00:00,HYPE,5405.28,389150.0,4490.0,3640.0,58.82
2026-07-26T21:36:56.875506+00:00,SOL,54835.68,1054200.0,13330.0,9770.0,76.0662
2026-07-26T21:36:56.875506+00:00,HYPE,5405.28,389150.0,4490.0,3640.0,59.043
2026-07-26T22:39:44.604613+00:00,SOL,72672.92000000001,1055810.0,14790.0,11520.0,77.0377
2026-07-26T22:39:44.604613+00:00,HYPE,5331.07,389160.0,4500.0,3600.0,59.619
2026-07-26T23:39:54.521500+00:00,SOL,75290.66,1056830.0,15420.0,11850.0,77.0614
2026-07-26T23:39:54.521500+00:00,HYPE,4085.2800000000007,389320.0,2810.0,3310.0,59.778
2026-07-27T01:16:52.545260+00:00,SOL,77295.48,1057730.0,15510.0,12400.0,76.7129
2026-07-27T01:16:52.545260+00:00,HYPE,4641.04,389490.0,2540.0,3620.0,59.407
2026-07-27T05:04:55.797656+00:00,SOL,68672.69,1060240.0,8350.0,13080.0,76.6554
2026-07-27T05:04:55.797656+00:00,HYPE,6418.739999999998,390500.0,2270.0,6640.0,60.268
2026-07-27T08:45:35.005331+00:00,SOL,562901.3799999999,1158540.0,56820.0,60290.0,76.7456
2026-07-27T08:45:35.005331+00:00,HYPE,5660.579999999999,389220.0,2020.0,5880.0,60.249
2026-07-27T12:13:39.378255+00:00,SOL,560965.9899999999,1159550.0,56670.0,60630.0,77.011
2026-07-27T12:13:39.378255+00:00,HYPE,9603.460000000001,391980.0,1710.0,9020.0,59.838
2026-07-27T15:13:54.110276+00:00,SOL,577072.6099999998,1164690.0,59560.0,63500.0,76.0225
2026-07-27T15:13:54.110276+00:00,HYPE,14830.4,393950.0,2020.0,10700.0,58.075
2026-07-27T17:10:14.731174+00:00,SOL,575459.2799999997,1165470.0,59770.0,63390.0,76.342
2026-07-27T17:10:14.731174+00:00,HYPE,15265.949999999999,394150.0,2250.0,10840.0,57.631
2026-07-27T18:45:00.317065+00:00,SOL,590821.9699999997,1174280.0,62030.0,70600.0,75.8561
2026-07-27T18:45:00.317065+00:00,HYPE,16128.11,395870.0,2660.0,11540.0,56.426
2026-07-27T20:08:59.842705+00:00,SOL,589996.9499999997,1175620.0,62390.0,70030.0,76.3472
2026-07-27T20:08:59.842705+00:00,HYPE,15819.57,396190.0,2430.0,11800.0,56.927
2026-07-27T21:21:51.847120+00:00,SOL,602001.9599999996,1176870.0,64330.0,71570.0,76.235
2026-07-27T21:21:51.847120+00:00,HYPE,16943.060000000005,398240.0,4620.0,12170.0,56.984
2026-07-27T22:32:20.571539+00:00,SOL,585689.4499999996,1177230.0,63070.0,69250.0,75.7541
2026-07-27T22:32:20.571539+00:00,HYPE,16973.850000000006,398290.0,4650.0,12220.0,56.638
2026-07-27T23:43:02.637867+00:00,SOL,608162.4399999997,1184410.0,65030.0,75180.0,74.4935
2026-07-27T23:43:02.637867+00:00,HYPE,16961.120000000006,398480.0,4690.0,12010.0,56.2
2026-07-28T01:04:12.762983+00:00,SOL,606340.1899999997,1183730.0,64920.0,75280.0,74.1579
2026-07-28T01:04:12.762983+00:00,HYPE,16702.710000000006,398770.0,4660.0,12010.0,56.183
2026-07-28T04:25:49.563271+00:00,SOL,615621.2699999998,1193640.0,69340.0,81440.0,73.5794
2026-07-28T04:25:49.563271+00:00,HYPE,14510.750000000004,400390.0,6280.0,8970.0,56.233
2026-07-28T07:09:27.669565+00:00,SOL,134359.56,1212170.0,22440.0,46590.0,73.9163
2026-07-28T07:09:27.669565+00:00,HYPE,19076.65,400920.0,8020.0,10380.0,55.409
2026-07-28T09:45:52.755288+00:00,SOL,124979.44,1207790.0,20110.0,43210.0,73.8525
2026-07-28T09:45:52.755288+00:00,HYPE,17658.58,400760.0,9430.0,8210.0,55.158
2026-07-28T11:51:34.329182+00:00,SOL,133386.75999999998,1209370.0,20830.0,44960.0,73.6536
2026-07-28T11:51:34.329182+00:00,HYPE,20140.229999999996,402770.0,11600.0,7980.0,54.477
2026-07-28T13:46:04.182618+00:00,SOL,144367.59000000003,1212190.0,22780.0,46570.0,73.0036
2026-07-28T13:46:04.182618+00:00,HYPE,23167.089999999997,410330.0,18930.0,7370.0,54.012
2026-07-28T15:59:30.669903+00:00,SOL,128215.83999999997,1213330.0,21410.0,45920.0,74.8209
2026-07-28T15:59:30.669903+00:00,HYPE,23041.41999999999,412560.0,21720.0,6510.0,55.224
2026-07-28T17:38:17.733311+00:00,SOL,127194.04000000001,1214020.0,21760.0,45710.0,74.1424
2026-07-28T17:38:17.733311+00:00,HYPE,23250.299999999996,413160.0,21610.0,7110.0,55.249
2026-07-28T18:56:02.403331+00:00,SOL,119987.48000000003,1219230.0,27170.0,38530.0,74.3597
2026-07-28T18:56:02.403331+00:00,HYPE,22278.42,414410.0,22530.0,5750.0,54.925
2026-07-28T20:12:47.870017+00:00,SOL,113879.71000000004,1219420.0,26130.0,36800.0,74.759
2026-07-28T20:12:47.870017+00:00,HYPE,27559.219999999994,421030.0,29740.0,5490.0,55.385
2026-07-28T21:31:18.857890+00:00,SOL,107856.62000000002,1219470.0,25460.0,36040.0,74.6435
2026-07-28T21:31:18.857890+00:00,HYPE,26537.979999999996,421050.0,27880.0,5120.0,55.294
2026-07-28T22:40:39.693406+00:00,SOL,119536.30000000006,1227470.0,30590.0,39540.0,74.4138
2026-07-28T22:40:39.693406+00:00,HYPE,26528.479999999996,421040.0,27850.0,5080.0,55.414
2026-07-28T23:38:29.292353+00:00,SOL,98060.54000000004,1228180.0,28340.0,34990.0,74.0661
2026-07-28T23:38:29.292353+00:00,HYPE,26782.799999999996,421050.0,27640.0,5130.0,54.819
2026-07-29T01:07:24.013860+00:00,SOL,83421.47000000006,1227550.0,27520.0,28220.0,74.2192
2026-07-29T01:07:24.013860+00:00,HYPE,26375.50999999999,421350.0,27950.0,4820.0,54.92
2026-07-29T04:28:48.637445+00:00,SOL,78845.37000000002,1228000.0,23130.0,27740.0,73.705
2026-07-29T04:28:48.637445+00:00,HYPE,26301.32999999999,421460.0,27230.0,4830.0,54.151
2026-07-29T07:20:10.341634+00:00,SOL,65564.04000000001,1232870.0,24570.0,13270.0,74.5367
2026-07-29T07:20:10.341634+00:00,HYPE,21494.179999999997,421900.0,27010.0,2750.0,55.269
2026-07-29T10:03:52.087240+00:00,SOL,66528.83000000002,1229130.0,23180.0,14860.0,74.6213
2026-07-29T10:03:52.087240+00:00,HYPE,20136.99,422820.0,24910.0,1730.0,55.15
2026-07-29T12:17:54.057764+00:00,SOL,58622.399999999994,1229610.0,22540.0,14180.0,74.1128
2026-07-29T12:17:54.057764+00:00,HYPE,214656.32,427660.0,49040.0,20440.0,54.717
2026-07-29T14:38:35.153749+00:00,SOL,54825.18,1234770.0,24530.0,16790.0,73.7149
2026-07-29T14:38:35.153749+00:00,HYPE,213404.68000000008,430200.0,46320.0,20960.0,54.877
2026-07-29T16:08:33.019711+00:00,SOL,54729.189999999995,1236280.0,24780.0,17740.0,73.611
2026-07-29T16:08:33.019711+00:00,HYPE,210569.65000000005,434650.0,48730.0,20950.0,54.605
2026-07-29T17:35:54.501204+00:00,SOL,55516.05,1237770.0,25170.0,18890.0,73.7519
2026-07-29T17:35:54.501204+00:00,HYPE,216906.95000000004,437450.0,51980.0,21250.0,54.641
2026-07-29T18:39:35.770129+00:00,SOL,50414.01,1247580.0,23560.0,24390.0,74.5132
2026-07-29T18:39:35.770129+00:00,HYPE,220435.10000000006,438050.0,52550.0,21210.0,54.901
2026-07-29T19:58:40.302564+00:00,SOL,52107.69,1248280.0,24370.0,25410.0,73.4059
2026-07-29T19:58:40.302564+00:00,HYPE,222094.47,439960.0,45270.0,22120.0,53.1
2026-07-29T20:57:55.178535+00:00,SOL,53268.36,1249130.0,24330.0,26050.0,73.3191
2026-07-29T20:57:55.178535+00:00,HYPE,226014.5,441270.0,45750.0,23760.0,53.54
2026-07-29T22:01:15.669130+00:00,SOL,51458.729999999996,1249700.0,24170.0,26120.0,73.9095
2026-07-29T22:01:15.669130+00:00,HYPE,226771.35000000003,441470.0,45850.0,24010.0,53.578
2026-07-29T23:12:06.471944+00:00,SOL,39590.090000000004,1249740.0,18850.0,22300.0,73.9987
2026-07-29T23:12:06.471944+00:00,HYPE,227015.00000000003,441470.0,45850.0,24050.0,53.77
2026-07-30T00:09:54.506143+00:00,SOL,37225.560000000005,1249020.0,18840.0,21360.0,74.244
2026-07-30T00:09:54.506143+00:00,HYPE,229525.95,439350.0,49230.0,24450.0,54.186
2026-07-30T03:24:44.196882+00:00,SOL,42538.850000000006,1251800.0,23760.0,21270.0,74.3231
2026-07-30T03:24:44.196882+00:00,HYPE,233988.44,438420.0,53830.0,25250.0,53.907
2026-07-30T06:04:06.219889+00:00,SOL,38219.40000000001,1252700.0,22240.0,21860.0,74.2208
2026-07-30T06:04:06.219889+00:00,HYPE,234063.45,439350.0,58900.0,25270.0,53.774
2026-07-30T08:46:41.922447+00:00,SOL,31578.47,1239980.0,15630.0,14790.0,73.8644
2026-07-30T08:46:41.922447+00:00,HYPE,238024.80000000008,432690.0,51710.0,24140.0,54.031
2026-07-30T10:59:33.243764+00:00,SOL,29194.800000000007,1241310.0,15040.0,15080.0,73.9888
2026-07-30T10:59:33.243764+00:00,HYPE,236633.9400000001,432870.0,48990.0,24320.0,53.454
2026-07-30T12:48:02.719080+00:00,SOL,29232.74000000001,1241720.0,14340.0,15290.0,74.4656
2026-07-30T12:48:02.719080+00:00,HYPE,44894.789999999986,434030.0,22510.0,7150.0,53.178
2026-07-30T15:05:06.193887+00:00,SOL,25203.3,1242320.0,11790.0,12710.0,74.782
2026-07-30T15:05:06.193887+00:00,HYPE,45349.92,436270.0,20250.0,6270.0,53.849
2026-07-30T16:46:26.125237+00:00,SOL,25939.030000000002,1242610.0,11590.0,12590.0,74.5886
2026-07-30T16:46:26.125237+00:00,HYPE,52997.60999999999,449520.0,25500.0,12420.0,54.573
2026-07-30T18:10:08.101887+00:00,SOL,27309.420000000002,1242070.0,10730.0,11910.0,74.9863
2026-07-30T18:10:08.101887+00:00,HYPE,45318.47,450450.0,23750.0,14210.0,54.742
2026-07-30T19:49:05.614997+00:00,SOL,28496.92000000001,1242970.0,10770.0,12280.0,74.6868
2026-07-30T19:49:05.614997+00:00,HYPE,47112.34,451700.0,24210.0,15010.0,55.327
2026-07-30T20:58:40.684042+00:00,SOL,28196.760000000006,1243170.0,10770.0,11490.0,74.59
2026-07-30T20:58:40.684042+00:00,HYPE,43529.83,451260.0,24020.0,13670.0,54.954
2026-07-30T22:07:52.686509+00:00,SOL,28342.700000000004,1243400.0,10750.0,11280.0,74.794
2026-07-30T22:07:52.686509+00:00,HYPE,43842.09,451240.0,24020.0,14240.0,55.677
2026-07-30T23:17:19.055882+00:00,SOL,28379.680000000004,1243540.0,10890.0,11290.0,74.887
2026-07-30T23:17:19.055882+00:00,HYPE,48387.579999999994,452310.0,29210.0,17950.0,55.843
2026-07-31T01:01:23.449335+00:00,SOL,29857.21000000001,1242920.0,11160.0,11580.0,74.7041
2026-07-31T01:01:23.449335+00:00,HYPE,42858.08000000001,454810.0,22520.0,18200.0,55.716
2026-07-31T04:36:48.011141+00:00,SOL,22821.360000000008,1245820.0,5060.0,12220.0,73.9905
2026-07-31T04:36:48.011141+00:00,HYPE,43485.04,456180.0,23650.0,18420.0,55.059
2026-07-31T07:33:12.577468+00:00,SOL,27459.380000000016,1248780.0,6280.0,13380.0,73.7878
2026-07-31T07:33:12.577468+00:00,HYPE,38975.49,456420.0,23420.0,18780.0,55.382
2026-07-31T10:13:59.314870+00:00,SOL,357392.9799999997,780390.0,16540.0,22630.0,73.6165
2026-07-31T10:13:59.314870+00:00,HYPE,45400.030000000006,243430.0,20540.0,17580.0,54.617
2026-07-31T12:17:31.376996+00:00,SOL,361854.1199999998,783940.0,19560.0,24890.0,73.5912
2026-07-31T12:17:31.376996+00:00,HYPE,41262.77,244750.0,20360.0,17550.0,54.913
2026-07-31T14:55:13.170731+00:00,SOL,395557.70999999985,812500.0,37200.0,41910.0,72.998
2026-07-31T14:55:13.170731+00:00,HYPE,43829.49999999999,252000.0,22210.0,21070.0,54.442
2026-07-31T16:40:12.435166+00:00,SOL,396990.62999999983,812930.0,37220.0,42780.0,73.2885
2026-07-31T16:40:12.435166+00:00,HYPE,43767.04000000001,255550.0,18060.0,17910.0,53.758
2026-07-31T18:08:53.371006+00:00,SOL,398198.4399999998,814700.0,38320.0,43490.0,73.4913
2026-07-31T18:08:53.371006+00:00,HYPE,44003.409999999996,256160.0,19120.0,17280.0,53.519
2026-07-31T19:49:41.974060+00:00,SOL,402927.6499999999,815990.0,38530.0,44810.0,73.2956
2026-07-31T19:49:41.974060+00:00,HYPE,37266.67,256420.0,18660.0,16830.0,52.34
2026-07-31T20:56:10.960630+00:00,SOL,400958.23999999993,816190.0,38430.0,44810.0,73.1772
2026-07-31T20:56:10.960630+00:00,HYPE,42999.54000000001,263990.0,27880.0,16880.0,52.707
2026-07-31T22:00:09.860246+00:00,SOL,403053.8399999999,817680.0,39050.0,46190.0,72.8729
2026-07-31T22:00:09.860246+00:00,HYPE,45030.13999999999,265710.0,29580.0,16840.0,52.235
2026-07-31T23:14:23.214596+00:00,SOL,403450.7599999999,817680.0,39290.0,46290.0,73.0966
2026-07-31T23:14:23.214596+00:00,HYPE,41710.41000000001,265920.0,26250.0,13840.0,52.598
2026-08-01T00:11:58.284883+00:00,SOL,402939.9599999999,817790.0,39100.0,46340.0,73.0901
2026-08-01T00:11:58.284883+00:00,HYPE,39642.869999999995,265920.0,24330.0,12500.0,52.53
2026-08-01T03:48:30.598023+00:00,SOL,400856.6599999999,818470.0,39230.0,43960.0,73.0872
2026-08-01T03:48:30.598023+00:00,HYPE,70281.22,259480.0,23850.0,22220.0,52.14
2026-08-01T06:21:51.762398+00:00,SOL,410851.7499999999,825180.0,45860.0,43660.0,73.1681
2026-08-01T06:21:51.762398+00:00,HYPE,107519.67000000001,258280.0,24250.0,30690.0,51.986
2026-08-01T08:37:51.056892+00:00,SOL,82144.55999999997,826230.0,41950.0,26970.0,73.4407
2026-08-01T08:37:51.056892+00:00,HYPE,103352.04000000002,249270.0,19060.0,28330.0,52.26
2026-08-01T10:21:23.270373+00:00,SOL,76852.79,828060.0,36820.0,27610.0,73.2697
2026-08-01T10:21:23.270373+00:00,HYPE,98924.03000000004,253160.0,20540.0,28320.0,52.14
2026-08-01T11:39:03.440599+00:00,SOL,73441.45999999999,828440.0,33760.0,26650.0,73.3401
2026-08-01T11:39:03.440599+00:00,HYPE,101620.84000000004,254850.0,28660.0,27660.0,52.022
2026-08-01T12:38:22.702935+00:00,SOL,66284.89999999998,828530.0,30570.0,22730.0,73.3266
2026-08-01T12:38:22.702935+00:00,HYPE,101789.23000000004,255820.0,29360.0,27220.0,52.188
2026-08-01T14:10:41.862899+00:00,SOL,38854.4,828530.0,17750.0,9380.0,73.3598
2026-08-01T14:10:41.862899+00:00,HYPE,97303.52000000005,257060.0,25980.0,26110.0,52.202
2026-08-01T15:16:49.976969+00:00,SOL,36172.8,828540.0,16030.0,8820.0,73.36
2026-08-01T15:16:49.976969+00:00,HYPE,95064.52000000003,257060.0,25580.0,25710.0,52.402
2026-08-01T16:27:12.355649+00:00,SOL,41290.78,830930.0,15840.0,11190.0,73.3403
2026-08-01T16:27:12.355649+00:00,HYPE,89080.83000000002,257070.0,25270.0,22890.0,52.398
2026-08-01T17:30:00.298155+00:00,SOL,40053.030000000006,831140.0,14590.0,11090.0,72.6138
2026-08-01T17:30:00.298155+00:00,HYPE,88284.27000000002,257490.0,24900.0,23310.0,52.253
2026-08-01T18:31:42.572600+00:00,SOL,46494.740000000005,833520.0,16810.0,12610.0,71.4885
2026-08-01T18:31:42.572600+00:00,HYPE,88214.78000000001,257140.0,23880.0,23750.0,51.839
2026-08-01T19:51:55.422581+00:00,SOL,43951.22,834430.0,16980.0,11420.0,71.7472
2026-08-01T19:51:55.422581+00:00,HYPE,87038.94,257140.0,23240.0,23570.0,52.101
2026-08-01T20:41:15.081161+00:00,SOL,51745.66,839130.0,16990.0,16160.0,71.8571
2026-08-01T20:41:15.081161+00:00,HYPE,83139.31,257130.0,17400.0,23610.0,51.931
2026-08-01T21:35:56.094999+00:00,SOL,51950.62000000001,839400.0,17270.0,15280.0,72.2617
2026-08-01T21:35:56.094999+00:00,HYPE,84927.84999999999,260230.0,19270.0,23740.0,52.145
2026-08-01T22:36:21.895117+00:00,SOL,52254.55000000001,840990.0,18260.0,15280.0,72.3787
2026-08-01T22:36:21.895117+00:00,HYPE,81122.62000000001,260230.0,17970.0,22900.0,52.091
2026-08-01T23:39:01.556622+00:00,SOL,66922.62000000001,849620.0,24650.0,18900.0,72.3533
2026-08-01T23:39:01.556622+00:00,HYPE,81880.96,262270.0,19880.0,23000.0,52.082
2026-08-02T01:13:41.211554+00:00,SOL,66302.75,849660.0,24510.0,18690.0,72.8874
2026-08-02T01:13:41.211554+00:00,HYPE,81898.55,262320.0,19780.0,23010.0,52.534
2026-08-02T04:38:32.435966+00:00,SOL,70536.92,851710.0,24910.0,21310.0,73.8395
2026-08-02T04:38:32.435966+00:00,HYPE,14748.079999999994,262620.0,19710.0,5370.0,52.711
2026-08-02T07:16:24.183325+00:00,SOL,67723.48999999999,855110.0,22440.0,23440.0,73.8166
2026-08-02T07:16:24.183325+00:00,HYPE,13334.949999999995,263520.0,22970.0,4760.0,52.202
2026-08-02T09:30:18.378265+00:00,SOL,66605.68,831740.0,20460.0,21840.0,73.8256
2026-08-02T09:30:18.378265+00:00,HYPE,12787.119999999995,259850.0,22210.0,4360.0,51.941
2026-08-02T11:05:36.344214+00:00,SOL,65795.82999999996,832130.0,20630.0,21860.0,73.7519
2026-08-02T11:05:36.344214+00:00,HYPE,9373.68,260250.0,14140.0,3930.0,51.476
2026-08-02T12:13:59.072699+00:00,SOL,66020.78999999996,831530.0,21040.0,21790.0,73.6527
2026-08-02T12:13:59.072699+00:00,HYPE,7261.599999999999,260360.0,10710.0,3450.0,51.274
2026-08-02T13:56:00.955842+00:00,SOL,66550.68999999999,831510.0,21390.0,22390.0,73.4334
2026-08-02T13:56:00.955842+00:00,HYPE,7911.889999999999,261600.0,11060.0,2950.0,51.603
2026-08-02T14:57:23.247224+00:00,SOL,65980.79999999996,831510.0,21010.0,22390.0,73.5543
2026-08-02T14:57:23.247224+00:00,HYPE,7962.879999999999,261600.0,11120.0,2950.0,51.366
2026-08-02T15:59:30.554481+00:00,SOL,59772.049999999974,831710.0,21210.0,19580.0,73.4262
2026-08-02T15:59:30.554481+00:00,HYPE,8048.540000000001,262610.0,11980.0,2960.0,51.358
2026-08-02T17:04:44.890711+00:00,SOL,59879.02999999997,831920.0,21430.0,19580.0,73.5735
2026-08-02T17:04:44.890711+00:00,HYPE,7977.030000000001,262610.0,11980.0,2540.0,52.173
2026-08-02T18:09:22.610797+00:00,SOL,59269.16999999998,832020.0,20700.0,19830.0,73.7363
2026-08-02T18:09:22.610797+00:00,HYPE,7554.220000000001,262610.0,11980.0,2170.0,52.364
2026-08-02T19:31:55.333617+00:00,SOL,50350.94999999999,832110.0,20070.0,18860.0,74.0992
2026-08-02T19:31:55.333617+00:00,HYPE,7753.57,262680.0,12050.0,2050.0,52.592
2026-08-02T20:33:12.934584+00:00,SOL,41820.670000000006,832120.0,19900.0,14010.0,74.0487
2026-08-02T20:33:12.934584+00:00,HYPE,8791.799999999997,262800.0,13630.0,3010.0,52.508
2026-08-02T21:34:28.896904+00:00,SOL,41589.710000000014,832120.0,19850.0,14010.0,74.243
2026-08-02T21:34:28.896904+00:00,HYPE,6335.699999999998,262980.0,10190.0,2800.0,52.781
2026-08-02T22:36:47.298188+00:00,SOL,39984.05000000001,833570.0,18380.0,15320.0,74.2608
2026-08-02T22:36:47.298188+00:00,HYPE,6413.939999999999,262870.0,10340.0,2800.0,52.731
2026-08-02T23:39:15.731582+00:00,SOL,24951.070000000003,833670.0,11740.0,11700.0,73.9528
2026-08-02T23:39:15.731582+00:00,HYPE,5656.129999999998,262850.0,8400.0,2720.0,52.63
2026-08-03T01:13:39.961262+00:00,SOL,24988.060000000005,833750.0,11950.0,11750.0,73.5423
2026-08-03T01:13:39.961262+00:00,HYPE,5627.129999999998,262850.0,8400.0,2670.0,52.468
2026-08-03T04:47:04.765822+00:00,SOL,21595.730000000003,834870.0,11910.0,10310.0,73.4578
2026-08-03T04:47:04.765822+00:00,HYPE,5584.219999999998,263250.0,9240.0,2400.0,52.503
2026-08-03T08:21:48.058644+00:00,SOL,14285.149999999994,829210.0,4750.0,8150.0,72.6138
2026-08-03T08:21:48.058644+00:00,HYPE,6222.170000000001,258360.0,5630.0,2130.0,52.228
2026-08-03T11:53:49.770826+00:00,SOL,13967.179999999997,832930.0,3490.0,10610.0,72.8829
2026-08-03T11:53:49.770826+00:00,HYPE,6823.1799999999985,260830.0,7660.0,2290.0,52.957
2026-08-03T14:21:06.353776+00:00,SOL,15000.869999999995,833350.0,3950.0,10980.0,73.5437
2026-08-03T14:21:06.353776+00:00,HYPE,17041.790000000005,262520.0,14570.0,4510.0,53.386
2026-08-03T16:54:26.449446+00:00,SOL,25996.51,837660.0,8950.0,11760.0,73.7456
2026-08-03T16:54:26.449446+00:00,HYPE,18247.99,263730.0,13810.0,5630.0,54.608
2026-08-03T18:44:08.907558+00:00,SOL,26879.34,838670.0,10320.0,11990.0,74.4354
2026-08-03T18:44:08.907558+00:00,HYPE,18949.790000000005,263910.0,14970.0,5990.0,54.425
2026-08-03T20:18:01.825155+00:00,SOL,27422.23,841380.0,12650.0,12480.0,74.517
2026-08-03T20:18:01.825155+00:00,HYPE,20459.800000000003,264900.0,14470.0,6780.0,54.561
2026-08-03T21:36:48.168778+00:00,SOL,27848.14,841510.0,12750.0,12750.0,74.1842
2026-08-03T21:36:48.168778+00:00,HYPE,21044.609999999997,264700.0,13650.0,6530.0,54.09
2026-08-03T22:38:13.922566+00:00,SOL,26978.320000000003,841530.0,12460.0,11480.0,73.85
2026-08-03T22:38:13.922566+00:00,HYPE,20974.37,264710.0,13500.0,6540.0,53.884
2026-08-03T23:46:06.002701+00:00,SOL,27358.24,841630.0,12560.0,11480.0,73.9621
2026-08-03T23:46:06.002701+00:00,HYPE,21037.59,265000.0,13500.0,6810.0,53.991
2026-08-04T01:48:55.040952+00:00,SOL,28314.050000000003,843570.0,13930.0,11910.0,74.0351
2026-08-04T01:48:55.040952+00:00,HYPE,21037.59,265000.0,13500.0,6810.0,54.04
2026-08-04T04:56:44.780204+00:00,SOL,28662.989999999998,850140.0,19000.0,13170.0,74.4212
2026-08-04T04:56:44.780204+00:00,HYPE,21167.130000000005,265730.0,12790.0,7350.0,54.562
2026-08-04T07:35:46.867417+00:00,SOL,27572.210000000003,853830.0,22490.0,9100.0,74.0403
2026-08-04T07:35:46.867417+00:00,HYPE,20150.79,265730.0,12450.0,6880.0,54.741
2026-08-04T10:17:20.850995+00:00,SOL,21473.48,846000.0,16880.0,4230.0,73.6465
2026-08-04T10:17:20.850995+00:00,HYPE,20726.73,261400.0,11450.0,8560.0,54.949
2026-08-04T12:23:38.210554+00:00,SOL,23344.980000000003,847740.0,17710.0,4800.0,74.2516
2026-08-04T12:23:38.210554+00:00,HYPE,22025.32,264630.0,10240.0,11230.0,55.694
2026-08-04T14:57:42.825423+00:00,SOL,39871.83,863610.0,32800.0,5760.0,74.2834
2026-08-04T14:57:42.825423+00:00,HYPE,13801.250000000002,265530.0,5010.0,10730.0,55.315
2026-08-04T16:50:34.315504+00:00,SOL,36373.54,863900.0,30050.0,5790.0,74.2152
2026-08-04T16:50:34.315504+00:00,HYPE,18908.909999999996,273030.0,5460.0,17630.0,55.341
2026-08-04T18:23:19.525438+00:00,SOL,35810.65,864210.0,29510.0,5730.0,74.6391
2026-08-04T18:23:19.525438+00:00,HYPE,18776.5,273960.0,4440.0,18690.0,55.494
2026-08-04T20:07:09.255468+00:00,SOL,43063.20000000001,869760.0,33390.0,8340.0,74.4506
2026-08-04T20:07:09.255468+00:00,HYPE,21077.339999999997,275780.0,6200.0,22230.0,55.709
2026-08-04T21:33:41.753307+00:00,SOL,42820.26000000001,870390.0,33880.0,8110.0,74.4621
2026-08-04T21:33:41.753307+00:00,HYPE,18220.46,275750.0,6810.0,20990.0,55.25
2026-08-04T22:42:56.651326+00:00,SOL,42790.26000000001,870390.0,33880.0,8070.0,74.4601
2026-08-04T22:42:56.651326+00:00,HYPE,18212.46,275750.0,6810.0,20980.0,55.093
2026-08-04T23:42:50.488067+00:00,SOL,42722.28000000001,871820.0,35340.0,8170.0,74.2525
2026-08-04T23:42:50.488067+00:00,HYPE,18089.25,275650.0,6810.0,20790.0,55.097
2026-08-05T01:05:12.124379+00:00,SOL,43344.150000000016,871820.0,35540.0,7830.0,73.8532
2026-08-05T01:05:12.124379+00:00,HYPE,18479.829999999998,275860.0,6920.0,21000.0,54.779
2026-08-05T04:27:00.614740+00:00,SOL,44967.83000000001,873110.0,34000.0,7720.0,74.0362
2026-08-05T04:27:00.614740+00:00,HYPE,19769.109999999997,277370.0,7220.0,22380.0,56.056
2026-08-05T07:12:31.901165+00:00,SOL,45754.68,878500.0,31460.0,8780.0,74.2582
2026-08-05T07:12:31.901165+00:00,HYPE,20760.19,278120.0,8020.0,23290.0,56.96
2026-08-05T09:48:39.482846+00:00,SOL,44958.79,875250.0,30940.0,7270.0,74.5368
2026-08-05T09:48:39.482846+00:00,HYPE,24537.15000000001,278170.0,7590.0,24380.0,57.385
2026-08-05T11:52:06.064076+00:00,SOL,43469.219999999994,876510.0,30190.0,7870.0,74.1612
2026-08-05T11:52:06.064076+00:00,HYPE,21128.020000000004,278490.0,6900.0,20010.0,56.918
2026-08-05T13:48:12.140591+00:00,SOL,25185.149999999994,876660.0,14970.0,7920.0,74.0982
2026-08-05T13:48:12.140591+00:00,HYPE,18650.690000000002,278500.0,6160.0,19000.0,57.062
2026-08-05T15:55:46.958155+00:00,SOL,37614.6,894810.0,32320.0,9510.0,74.4531
2026-08-05T15:55:46.958155+00:00,HYPE,17480.7,281430.0,5650.0,22450.0,57.094
2026-08-05T17:24:16.118732+00:00,SOL,38380.41000000001,895140.0,32490.0,9630.0,74.5525
2026-08-05T17:24:16.118732+00:00,HYPE,16421.52,281230.0,6030.0,16070.0,57.552
2026-08-05T18:59:17.429749+00:00,SOL,37581.76,896040.0,29780.0,12000.0,74.8551
2026-08-05T18:59:17.429749+00:00,HYPE,19142.150000000005,279020.0,9610.0,16480.0,57.254
2026-08-05T20:34:44.491917+00:00,SOL,37668.780000000006,896380.0,29290.0,9790.0,74.83
2026-08-05T20:34:44.491917+00:00,HYPE,26192.950000000004,276940.0,13330.0,19480.0,57.012
2026-08-05T21:54:07.047876+00:00,SOL,42643.29,897050.0,29940.0,10190.0,74.5459
2026-08-05T21:54:07.047876+00:00,HYPE,28473.9,275510.0,14500.0,22810.0,56.808
2026-08-05T22:50:27.480780+00:00,SOL,42775.270000000004,897090.0,30190.0,10200.0,74.4582
2026-08-05T22:50:27.480780+00:00,HYPE,28485.5,275510.0,14500.0,22910.0,56.728
2026-08-05T23:52:35.622047+00:00,SOL,42833.27,897390.0,28930.0,10300.0,74.473
2026-08-05T23:52:35.622047+00:00,HYPE,28466.5,275510.0,14500.0,22810.0,56.937
2026-08-06T01:51:13.537360+00:00,SOL,42689.32,897790.0,29730.0,10520.0,74.2469
2026-08-06T01:51:13.537360+00:00,HYPE,27977.140000000003,275490.0,14330.0,22600.0,56.601
2026-08-06T04:59:26.570540+00:00,SOL,41502.58,898800.0,28450.0,11150.0,74.1617
2026-08-06T04:59:26.570540+00:00,HYPE,27072.480000000007,275950.0,13390.0,20850.0,56.313
2026-08-06T07:42:17.851659+00:00,SOL,39174.02000000001,902430.0,27540.0,11890.0,74.3283
2026-08-06T07:42:17.851659+00:00,HYPE,29135.149999999998,274440.0,13830.0,21640.0,55.868
2026-08-06T10:17:15.432260+00:00,SOL,78276.96999999999,905890.0,30030.0,14360.0,73.6493
2026-08-06T10:17:15.432260+00:00,HYPE,30877.57,267510.0,15200.0,17470.0,55.535
2026-08-06T12:23:48.672038+00:00,SOL,87023.20000000001,909950.0,31030.0,18040.0,73.7447
2026-08-06T12:23:48.672038+00:00,HYPE,39903.600000000006,269230.0,16880.0,17430.0,55.187
2026-08-06T14:43:32.341028+00:00,SOL,84492.74999999997,914300.0,18020.0,20660.0,73.921
2026-08-06T14:43:32.341028+00:00,HYPE,99214.65000000002,279000.0,24690.0,23370.0,56.061
2026-08-07T00:13:23.716635+00:00,SOL,90758.62000000001,922930.0,20050.0,20500.0,73.1303
2026-08-07T00:13:23.716635+00:00,HYPE,94855.42000000003,282610.0,16760.0,11330.0,55.988
2026-08-07T03:14:42.375802+00:00,SOL,90703.61,924410.0,20550.0,20700.0,72.9369
2026-08-07T03:14:42.375802+00:00,HYPE,97553.09000000003,285060.0,16870.0,13570.0,55.656
2026-08-07T05:03:30.697165+00:00,SOL,93160.13000000002,927390.0,22110.0,21020.0,73.0853
2026-08-07T05:03:30.697165+00:00,HYPE,97873.12000000002,286340.0,16930.0,14640.0,55.238
2026-08-07T06:16:57.366212+00:00,SOL,90404.66000000002,927410.0,19430.0,20960.0,73.3432
2026-08-07T06:16:57.366212+00:00,HYPE,100800.42000000003,288470.0,17250.0,17020.0,55.602
2026-08-07T07:49:58.936839+00:00,SOL,115115.72000000002,942990.0,24710.0,29790.0,73.3289
2026-08-07T07:49:58.936839+00:00,HYPE,99783.28000000003,291330.0,18870.0,16950.0,55.638
2026-08-07T08:48:31.119059+00:00,SOL,111298.64000000001,820650.0,23700.0,26970.0,73.6384
2026-08-07T08:48:31.119059+00:00,HYPE,100704.71000000002,250330.0,17460.0,16630.0,56.299
2026-08-07T09:53:19.299877+00:00,SOL,79101.10999999999,821770.0,19930.0,24660.0,74.0211
2026-08-07T09:53:19.299877+00:00,HYPE,100679.66000000003,250940.0,17520.0,17290.0,56.479
2026-08-07T10:43:48.240815+00:00,SOL,77114.49,822240.0,19360.0,23670.0,73.9293
2026-08-07T10:43:48.240815+00:00,HYPE,93395.24000000003,251880.0,15550.0,15980.0,56.66
2026-08-07T11:31:26.127265+00:00,SOL,77354.47,823430.0,20240.0,23270.0,73.9817
2026-08-07T11:31:26.127265+00:00,HYPE,102181.0,253720.0,16840.0,16670.0,56.726
2026-08-07T12:26:34.814386+00:00,SOL,69980.95000000001,824380.0,19950.0,23110.0,74.3533
2026-08-07T12:26:34.814386+00:00,HYPE,104570.19000000002,256640.0,16570.0,18700.0,56.803
2026-08-07T13:48:01.587602+00:00,SOL,65231.02000000001,826380.0,20440.0,21770.0,74.6268
2026-08-07T13:48:01.587602+00:00,HYPE,79955.24,258630.0,13130.0,13460.0,56.548
2026-08-07T14:46:28.784684+00:00,SOL,67710.53,831080.0,22740.0,22800.0,74.3349
2026-08-07T14:46:28.784684+00:00,HYPE,66580.89999999997,259740.0,11590.0,14100.0,56.022
2026-08-07T15:46:47.917740+00:00,SOL,66758.09,832400.0,22620.0,27170.0,74.236
2026-08-07T15:46:47.917740+00:00,HYPE,66360.35999999999,260800.0,11550.0,15020.0,55.606
2026-08-07T16:43:46.767534+00:00,SOL,67342.02999999998,832970.0,22350.0,27090.0,74.1449
2026-08-07T16:43:46.767534+00:00,HYPE,75127.21999999999,262000.0,13750.0,14940.0,55.172
2026-08-07T17:34:31.045990+00:00,SOL,67881.98,834790.0,23440.0,27820.0,73.6396
2026-08-07T17:34:31.045990+00:00,HYPE,68727.79,265530.0,15530.0,16180.0,54.02
2026-08-07T18:28:51.918760+00:00,SOL,73934.37999999999,841960.0,26260.0,27260.0,73.816
2026-08-07T18:28:51.918760+00:00,HYPE,69747.66,266800.0,14490.0,16750.0,54.331
2026-08-07T19:30:06.275160+00:00,SOL,73110.54,841970.0,25780.0,27140.0,74.1791
2026-08-07T19:30:06.275160+00:00,HYPE,67844.45,266800.0,14310.0,16750.0,54.453
2026-08-07T20:07:17.856731+00:00,SOL,73115.54,842020.0,25780.0,27190.0,74.3496
2026-08-07T20:07:17.856731+00:00,HYPE,67861.25,266600.0,14510.0,16750.0,54.475
2026-08-07T20:56:38.970933+00:00,SOL,70335.1,842540.0,25890.0,27200.0,74.2017
2026-08-07T20:56:38.970933+00:00,HYPE,65743.44999999998,266730.0,14060.0,17080.0,54.343
2026-08-07T21:34:49.299990+00:00,SOL,70359.1,842600.0,25890.0,27260.0,74.1233
2026-08-07T21:34:49.299990+00:00,HYPE,65710.45999999998,266730.0,14060.0,17050.0,54.254
2026-08-07T22:17:08.165109+00:00,SOL,70394.09,842670.0,25890.0,27330.0,74.0541
2026-08-07T22:17:08.165109+00:00,HYPE,66067.41999999998,266730.0,14120.0,17110.0,54.168
2026-08-07T23:02:49.575891+00:00,SOL,70351.1,842720.0,25570.0,27350.0,73.9606
2026-08-07T23:02:49.575891+00:00,HYPE,66279.54999999999,266930.0,14100.0,17350.0,54.15
2026-08-07T23:46:28.201126+00:00,SOL,66510.85999999999,842730.0,25310.0,27350.0,74.1501
2026-08-07T23:46:28.201126+00:00,HYPE,66430.54,267130.0,14100.0,17550.0,54.166
2026-08-08T01:02:15.621169+00:00,SOL,66650.85999999999,842790.0,25420.0,27540.0,74.0594
2026-08-08T01:02:15.621169+00:00,HYPE,68969.18,272950.0,19640.0,19200.0,54.012
2026-08-08T02:59:36.456247+00:00,SOL,66313.95999999999,843200.0,24170.0,27650.0,74.2469
2026-08-08T02:59:36.456247+00:00,HYPE,67984.75,274050.0,19640.0,18530.0,54.124
2026-08-08T04:13:04.377292+00:00,SOL,75976.99999999999,849270.0,30290.0,27980.0,75.1346
2026-08-08T04:13:04.377292+00:00,HYPE,67718.01999999999,274470.0,20000.0,18060.0,54.22
2026-08-08T05:09:28.426099+00:00,SOL,71967.81999999998,849320.0,28360.0,27050.0,74.9647
2026-08-08T05:09:28.426099+00:00,HYPE,65169.13999999999,274580.0,20010.0,16030.0,54.206
2026-08-08T05:54:57.039943+00:00,SOL,71957.81999999998,849320.0,28340.0,27050.0,74.9399
2026-08-08T05:54:57.039943+00:00,HYPE,63494.37999999998,274580.0,19860.0,14810.0,54.43
2026-08-08T06:37:40.579073+00:00,SOL,71961.81999999998,849340.0,28360.0,27050.0,75.125
2026-08-08T06:37:40.579073+00:00,HYPE,62912.75999999999,274580.0,17560.0,14610.0,54.368
2026-08-08T07:34:06.904559+00:00,SOL,65256.180000000015,849370.0,26660.0,23570.0,75.1426
2026-08-08T07:34:06.904559+00:00,HYPE,62658.529999999984,274580.0,17600.0,14300.0,54.37
2026-08-08T08:20:33.634990+00:00,SOL,44025.4,843050.0,21680.0,12790.0,75.0377
2026-08-08T08:20:33.634990+00:00,HYPE,59732.569999999985,272220.0,16910.0,13200.0,54.404
2026-08-08T09:08:15.746338+00:00,SOL,45558.27,844340.0,22370.0,13200.0,75.2386
2026-08-08T09:08:15.746338+00:00,HYPE,59354.249999999985,272220.0,16910.0,12100.0,54.653
2026-08-08T09:52:04.047563+00:00,SOL,49093.33000000001,848710.0,25210.0,15850.0,75.2498
2026-08-08T09:52:04.047563+00:00,HYPE,64660.78999999998,272930.0,17720.0,12330.0,54.644
2026-08-08T10:23:19.006307+00:00,SOL,48541.450000000004,848710.0,24930.0,15720.0,75.351
2026-08-08T10:23:19.006307+00:00,HYPE,64522.849999999984,272930.0,17720.0,11620.0,54.763
2026-08-08T10:58:03.129255+00:00,SOL,50528.25,849280.0,24860.0,16630.0,75.4525
2026-08-08T10:58:03.129255+00:00,HYPE,64483.99999999998,272930.0,17720.0,11380.0,54.798
2026-08-08T11:28:40.042111+00:00,SOL,59649.48,851400.0,26200.0,17870.0,75.6564
2026-08-08T11:28:40.042111+00:00,HYPE,63950.439999999995,273440.0,17120.0,11090.0,54.576
2026-08-08T11:54:42.514091+00:00,SOL,60404.399999999994,851760.0,25550.0,18220.0,75.8795
2026-08-08T11:54:42.514091+00:00,HYPE,52128.67,273440.0,16000.0,9970.0,54.592
2026-08-08T12:31:09.399899+00:00,SOL,58826.71000000001,852600.0,26230.0,16670.0,75.8491
2026-08-08T12:31:09.399899+00:00,HYPE,50479.42999999999,273530.0,15560.0,8930.0,54.536
2026-08-08T13:31:06.839593+00:00,SOL,59452.69000000001,853620.0,26270.0,16650.0,75.945
2026-08-08T13:31:06.839593+00:00,HYPE,44221.99999999999,273920.0,15200.0,8430.0,54.409
2026-08-08T14:16:39.336161+00:00,SOL,57985.26,855750.0,24360.0,17030.0,76.0369
2026-08-08T14:16:39.336161+00:00,HYPE,32150.019999999997,274120.0,13890.0,7980.0,54.418
2026-08-08T14:56:04.138896+00:00,SOL,59946.05999999999,857630.0,25320.0,17300.0,76.8287
2026-08-08T14:56:04.138896+00:00,HYPE,32573.8,274200.0,13910.0,8050.0,54.669
2026-08-08T15:23:51.018586+00:00,SOL,61113.939999999995,858380.0,26060.0,16740.0,76.8483
2026-08-08T15:23:51.018586+00:00,HYPE,32841.06,274280.0,13960.0,7270.0,54.731
2026-08-08T15:54:44.631272+00:00,SOL,65368.49,862660.0,30610.0,14090.0,76.8409
2026-08-08T15:54:44.631272+00:00,HYPE,32368.589999999997,274370.0,13710.0,7210.0,54.739
2026-08-08T16:23:15.490438+00:00,SOL,74819.55,869770.0,37290.0,14310.0,76.7483
2026-08-08T16:23:15.490438+00:00,HYPE,34222.49999999999,274580.0,13730.0,7330.0,54.797
2026-08-08T17:00:32.385609+00:00,SOL,74668.56,869360.0,37040.0,14550.0,76.7437
2026-08-08T17:00:32.385609+00:00,HYPE,25790.039999999994,274660.0,11080.0,7040.0,55.003
2026-08-08T17:44:27.462096+00:00,SOL,69557.08,871000.0,36100.0,11250.0,76.7495
2026-08-08T17:44:27.462096+00:00,HYPE,25251.42,274940.0,8860.0,5590.0,55.107
2026-08-08T18:04:19.172468+00:00,SOL,64427.600000000006,871600.0,34080.0,10370.0,76.6472
2026-08-08T18:04:19.172468+00:00,HYPE,25290.559999999998,274980.0,8470.0,5600.0,54.99
2026-08-08T18:56:23.242431+00:00,SOL,64707.57000000001,871450.0,34580.0,10520.0,76.5358
2026-08-08T18:56:23.242431+00:00,HYPE,25220.959999999995,274990.0,8450.0,5510.0,54.736
2026-08-08T19:24:46.048644+00:00,SOL,66958.31999999999,873310.0,36300.0,10530.0,76.4693
2026-08-08T19:24:46.048644+00:00,HYPE,25220.959999999995,274990.0,8450.0,5510.0,54.787
2026-08-08T19:51:17.590241+00:00,SOL,74627.54,874370.0,37070.0,10870.0,76.4529
2026-08-08T19:51:17.590241+00:00,HYPE,25220.959999999995,274990.0,8450.0,5510.0,54.966
2026-08-08T20:19:24.340062+00:00,SOL,99070.08000000003,876570.0,38050.0,11780.0,76.545
2026-08-08T20:19:24.340062+00:00,HYPE,25180.559999999998,274990.0,8250.0,5310.0,55.137
2026-08-08T20:56:00.166037+00:00,SOL,114300.57000000002,878550.0,38770.0,12880.0,76.6483
2026-08-08T20:56:00.166037+00:00,HYPE,25144.789999999997,274990.0,8250.0,5180.0,55.134
2026-08-08T21:24:18.429096+00:00,SOL,122944.58000000003,879740.0,39390.0,13480.0,76.6537
2026-08-08T21:24:18.429096+00:00,HYPE,25144.789999999997,274990.0,8250.0,5180.0,55.094
2026-08-08T21:53:53.640516+00:00,SOL,124906.38000000002,880200.0,39960.0,13520.0,76.6249
2026-08-08T21:53:53.640516+00:00,HYPE,25144.789999999997,274990.0,8250.0,5180.0,55.14
2026-08-08T22:19:51.380342+00:00,SOL,124916.38000000002,880260.0,39940.0,13600.0,76.637
2026-08-08T22:19:51.380342+00:00,HYPE,24855.859999999997,275160.0,8370.0,5120.0,55.025
2026-08-08T22:54:45.001336+00:00,SOL,124938.38000000002,880270.0,39910.0,13610.0,76.4517
2026-08-08T22:54:45.001336+00:00,HYPE,24777.469999999998,275160.0,8370.0,5080.0,54.95
2026-08-08T23:20:04.581668+00:00,SOL,129982.87000000002,882530.0,42650.0,13610.0,76.2577
2026-08-08T23:20:04.581668+00:00,HYPE,24643.489999999998,275160.0,8370.0,4880.0,54.964
2026-08-08T23:52:12.882099+00:00,SOL,130082.86000000003,882780.0,42650.0,13860.0,76.4383
2026-08-08T23:52:12.882099+00:00,HYPE,24492.5,275160.0,8370.0,4680.0,55.089
2026-08-09T01:06:01.669729+00:00,SOL,153407.53000000003,885760.0,47680.0,13710.0,76.4322
2026-08-09T01:06:01.669729+00:00,HYPE,21923.670000000002,275160.0,2830.0,2830.0,55.263
2026-08-09T03:06:35.893864+00:00,SOL,168725.01000000004,888780.0,50700.0,14960.0,76.2483
2026-08-09T03:06:35.893864+00:00,HYPE,22285.449999999997,275910.0,3010.0,2240.0,54.868
2026-08-09T04:34:06.420243+00:00,SOL,159618.92,889390.0,45580.0,14850.0,76.4424
2026-08-09T04:34:06.420243+00:00,HYPE,22569.05,276510.0,2700.0,2640.0,54.888
2026-08-09T05:33:23.018934+00:00,SOL,159604.92,889390.0,45580.0,14830.0,76.4372
2026-08-09T05:33:23.018934+00:00,HYPE,22525.559999999998,276510.0,2690.0,2640.0,54.749
2026-08-09T06:27:18.349914+00:00,SOL,159600.92,889390.0,45560.0,14830.0,76.699
2026-08-09T06:27:18.349914+00:00,HYPE,22573.96,276610.0,2690.0,2740.0,54.651
2026-08-09T07:31:13.719417+00:00,SOL,159834.89,889810.0,45570.0,15370.0,76.8108
2026-08-09T07:31:13.719417+00:00,HYPE,22554.3,276730.0,2640.0,2860.0,54.769
2026-08-09T08:21:24.053639+00:00,SOL,158279.04,884340.0,43980.0,13440.0,76.7781
2026-08-09T08:21:24.053639+00:00,HYPE,22457.26,271020.0,2250.0,2840.0,54.643
2026-08-09T09:09:03.365913+00:00,SOL,158884.77,888850.0,43740.0,17370.0,76.8286
2026-08-09T09:09:03.365913+00:00,HYPE,22811.069999999996,271840.0,2900.0,3160.0,54.673
2026-08-09T09:54:06.808675+00:00,SOL,152493.29000000004,889470.0,40640.0,15340.0,76.9265
2026-08-09T09:54:06.808675+00:00,HYPE,17708.05,272280.0,2830.0,2670.0,54.617
2026-08-09T10:24:36.464669+00:00,SOL,152990.20000000004,889700.0,40900.0,15430.0,77.0318
2026-08-09T10:24:36.464669+00:00,HYPE,17775.03,272380.0,2830.0,2770.0,54.583
2026-08-09T11:00:24.904580+00:00,SOL,151033.39000000004,889900.0,41170.0,14420.0,76.7712
2026-08-09T11:00:24.904580+00:00,HYPE,17867.89,272700.0,3150.0,2770.0,54.522
2026-08-09T11:41:56.754214+00:00,SOL,143108.99000000005,890030.0,39980.0,13840.0,76.8637
2026-08-09T11:41:56.754214+00:00,HYPE,13876.150000000001,272690.0,2940.0,2550.0,54.24
2026-08-09T12:02:16.531902+00:00,SOL,142898.85000000006,890040.0,39640.0,13390.0,76.8685
2026-08-09T12:02:16.531902+00:00,HYPE,13876.150000000001,272690.0,2940.0,2550.0,54.184
2026-08-09T13:13:05.301258+00:00,SOL,146359.03000000003,889660.0,38990.0,13770.0,77.0598
2026-08-09T13:13:05.301258+00:00,HYPE,11373.790000000003,272890.0,2760.0,2470.0,54.371
2026-08-09T13:58:25.460374+00:00,SOL,146988.71999999997,891130.0,38070.0,14690.0,76.9437
2026-08-09T13:58:25.460374+00:00,HYPE,10957.250000000002,273670.0,3000.0,2930.0,54.481
2026-08-09T14:35:25.564074+00:00,SOL,146381.75,891420.0,38000.0,13670.0,77.164
2026-08-09T14:35:25.564074+00:00,HYPE,11067.22,272540.0,4400.0,3030.0,54.486
2026-08-09T15:05:13.295759+00:00,SOL,146205.43,891760.0,37920.0,12950.0,77.45
2026-08-09T15:05:13.295759+00:00,HYPE,10105.02,272940.0,4550.0,3120.0,54.641
2026-08-09T15:44:18.542445+00:00,SOL,145277.48999999996,892070.0,37440.0,12940.0,77.6643
2026-08-09T15:44:18.542445+00:00,HYPE,9419.070000000002,273000.0,4510.0,3140.0,54.696
2026-08-09T16:05:53.431307+00:00,SOL,133935.22000000003,895340.0,30460.0,14860.0,77.7548
2026-08-09T16:05:53.431307+00:00,HYPE,13162.960000000001,274780.0,6430.0,3890.0,54.832
2026-08-09T16:52:02.415169+00:00,SOL,139493.95999999996,895680.0,29970.0,15470.0,77.69
2026-08-09T16:52:02.415169+00:00,HYPE,11352.130000000001,274780.0,6330.0,3790.0,54.935
2026-08-09T17:23:06.041858+00:00,SOL,140447.75999999998,896800.0,29950.0,16590.0,77.6434
2026-08-09T17:23:06.041858+00:00,HYPE,10265.150000000001,274780.0,6270.0,3730.0,54.887
2026-08-09T17:56:30.646446+00:00,SOL,137844.94,897300.0,28110.0,16590.0,77.5578
2026-08-09T17:56:30.646446+00:00,HYPE,9194.04,275180.0,6450.0,3710.0,54.732
2026-08-09T18:33:41.765804+00:00,SOL,139861.44,899180.0,28950.0,17380.0,77.5649
2026-08-09T18:33:41.765804+00:00,HYPE,9194.04,275180.0,6450.0,3710.0,54.752
2026-08-09T19:18:32.860392+00:00,SOL,142833.84000000003,901560.0,31230.0,17620.0,77.5562
2026-08-09T19:18:32.860392+00:00,HYPE,9175.240000000002,275180.0,6450.0,3700.0,54.59
2026-08-09T19:54:25.036289+00:00,SOL,129457.15999999999,901760.0,28770.0,17180.0,77.6566
2026-08-09T19:54:25.036289+00:00,HYPE,9182.2,275160.0,6470.0,3700.0,54.678
2026-08-09T20:22:18.250304+00:00,SOL,107536.33,901850.0,27820.0,16370.0,77.5467
2026-08-09T20:22:18.250304+00:00,HYPE,10471.770000000002,274850.0,10120.0,3810.0,54.674
2026-08-09T21:00:20.807956+00:00,SOL,86877.37999999999,901860.0,26670.0,15210.0,77.6435
2026-08-09T21:00:20.807956+00:00,HYPE,10823.580000000002,274590.0,10120.0,4630.0,54.679
2026-08-09T21:45:44.183347+00:00,SOL,83634.75999999998,902780.0,26170.0,15590.0,77.8486
2026-08-09T21:45:44.183347+00:00,HYPE,10823.580000000002,274590.0,10120.0,4630.0,54.407
2026-08-09T22:21:19.585118+00:00,SOL,91024.32000000002,903760.0,27990.0,16340.0,77.9612
2026-08-09T22:21:19.585118+00:00,HYPE,10771.450000000003,274600.0,9940.0,4640.0,54.525
2026-08-09T22:57:24.840046+00:00,SOL,92804.94000000003,905220.0,29380.0,16740.0,77.2163
2026-08-09T22:57:24.840046+00:00,HYPE,10771.450000000003,274600.0,9940.0,4640.0,54.08
2026-08-09T23:29:30.147717+00:00,SOL,92268.57,908120.0,29310.0,17630.0,76.7956
2026-08-09T23:29:30.147717+00:00,HYPE,10771.450000000003,274600.0,9940.0,4640.0,53.778
2026-08-09T23:59:44.905787+00:00,SOL,93133.39,908670.0,29610.0,17630.0,76.6443
2026-08-09T23:59:44.905787+00:00,HYPE,10771.450000000003,274600.0,9940.0,4640.0,53.858
2026-08-10T02:09:08.916632+00:00,SOL,67581.61000000002,904180.0,28110.0,20420.0,77.1576
2026-08-10T02:09:08.916632+00:00,HYPE,11114.920000000002,276270.0,10440.0,5480.0,54.267
2026-08-10T04:05:37.828347+00:00,SOL,70102.09,905670.0,29620.0,20720.0,77.0313
2026-08-10T04:05:37.828347+00:00,HYPE,9277.28,276910.0,10830.0,4820.0,54.14
2026-08-10T05:42:27.912485+00:00,SOL,73132.45000000003,905590.0,29900.0,20720.0,77.2555
2026-08-10T05:42:27.912485+00:00,HYPE,9277.28,276910.0,10830.0,4820.0,54.188
2026-08-10T06:56:04.158686+00:00,SOL,73193.42000000001,905790.0,30180.0,20490.0,77.3552
2026-08-10T06:56:04.158686+00:00,HYPE,9414.19,277260.0,10970.0,5000.0,54.612
2026-08-10T08:23:28.320757+00:00,SOL,70801.95000000003,901450.0,28230.0,17340.0,77.4483
2026-08-10T08:23:28.320757+00:00,HYPE,9554.540000000003,277490.0,10950.0,5670.0,54.841
2026-08-10T09:55:12.441532+00:00,SOL,74150.87000000004,904950.0,29870.0,16810.0,76.9487
2026-08-10T09:55:12.441532+00:00,HYPE,8956.360000000002,277790.0,9870.0,5660.0,54.515
2026-08-10T11:00:11.607744+00:00,SOL,76633.74000000002,907090.0,32130.0,16730.0,77.2396
2026-08-10T11:00:11.607744+00:00,HYPE,8803.110000000002,277800.0,9550.0,5570.0,54.467
2026-08-10T11:57:16.428043+00:00,SOL,75856.17000000003,908650.0,31360.0,19950.0,77.4306
2026-08-10T11:57:16.428043+00:00,HYPE,8799.650000000003,277800.0,9540.0,5570.0,54.744
2026-08-10T13:02:24.776003+00:00,SOL,80904.76000000004,912110.0,33540.0,21490.0,77.0661
2026-08-10T13:02:24.776003+00:00,HYPE,8963.880000000003,278700.0,9440.0,6370.0,54.728
2026-08-10T14:30:58.483152+00:00,SOL,100137.73000000011,922620.0,38810.0,26690.0,77.0365
2026-08-10T14:30:58.483152+00:00,HYPE,8803.69,279230.0,9360.0,5670.0,54.645
2026-08-10T15:36:06.665868+00:00,SOL,103604.76000000008,929010.0,38430.0,32140.0,76.4842
2026-08-10T15:36:06.665868+00:00,HYPE,31554.54999999999,282450.0,10720.0,6380.0,54.118
2026-08-10T16:29:20.787391+00:00,SOL,101548.31000000008,929540.0,36420.0,30890.0,76.2197
2026-08-10T16:29:20.787391+00:00,HYPE,34921.35999999999,283350.0,9180.0,6030.0,54.22
2026-08-10T17:26:29.106349+00:00,SOL,96443.46000000011,926520.0,35390.0,29990.0,76.4186
2026-08-10T17:26:29.106349+00:00,HYPE,52947.46,285360.0,10400.0,7030.0,54.826
2026-08-10T18:11:49.398610+00:00,SOL,95700.60000000011,926670.0,34970.0,29160.0,76.4357
2026-08-10T18:11:49.398610+00:00,HYPE,72049.79,287430.0,11170.0,8220.0,55.052
2026-08-10T19:15:34.652718+00:00,SOL,90611.61000000009,926870.0,31750.0,29210.0,76.3567
2026-08-10T19:15:34.652718+00:00,HYPE,80271.35,288300.0,11610.0,8860.0,55.203
2026-08-10T20:06:22.297886+00:00,SOL,90935.54000000008,927220.0,31950.0,29610.0,76.6636
2026-08-10T20:06:22.297886+00:00,HYPE,97801.54,290290.0,12770.0,10160.0,56.004
2026-08-10T20:59:39.902881+00:00,SOL,91909.35000000006,927620.0,32090.0,30540.0,76.8602
2026-08-10T20:59:39.902881+00:00,HYPE,100099.73,290720.0,9760.0,9440.0,55.457
2026-08-10T21:46:26.397939+00:00,SOL,97049.33000000005,929170.0,34100.0,29860.0,76.8484
2026-08-10T21:46:26.397939+00:00,HYPE,105560.57999999999,291880.0,11590.0,10990.0,55.339
2026-08-10T22:28:22.820047+00:00,SOL,89609.80000000005,929180.0,32300.0,29020.0,76.6538
2026-08-10T22:28:22.820047+00:00,HYPE,105544.68,291880.0,11590.0,10980.0,55.171
2026-08-10T23:06:51.229048+00:00,SOL,87673.21000000004,929190.0,30670.0,28720.0,76.5498
2026-08-10T23:06:51.229048+00:00,HYPE,105544.68,291880.0,11590.0,10980.0,55.118
2026-08-10T23:49:09.874409+00:00,SOL,82631.22000000002,929330.0,28330.0,27620.0,76.4231
2026-08-10T23:49:09.874409+00:00,HYPE,105544.68,291880.0,11590.0,10980.0,55.071
2026-08-11T01:06:53.640690+00:00,SOL,82014.33000000002,931100.0,24520.0,29910.0,76.1471
2026-08-11T01:06:53.640690+00:00,HYPE,106054.62,292210.0,11370.0,10830.0,54.799
2026-08-11T03:10:09.670599+00:00,SOL,72694.19000000003,931410.0,22040.0,26270.0,76.5031
2026-08-11T03:10:09.670599+00:00,HYPE,105806.26,292480.0,11240.0,10190.0,55.237
2026-08-11T04:37:21.234086+00:00,SOL,67388.23,931410.0,20300.0,26250.0,76.5378
2026-08-11T04:37:21.234086+00:00,HYPE,105724.27999999998,292480.0,10970.0,10190.0,55.562
2026-08-11T05:40:35.360447+00:00,SOL,67459.23,931760.0,20360.0,26450.0,76.323
2026-08-11T05:40:35.360447+00:00,HYPE,105820.26,292580.0,11070.0,10210.0,55.316
2026-08-11T06:34:32.529719+00:00,SOL,71796.37000000002,934310.0,21880.0,27250.0,76.3721
2026-08-11T06:34:32.529719+00:00,HYPE,111811.23999999998,295150.0,13370.0,10990.0,55.237
2026-08-11T07:53:00.544844+00:00,SOL,72838.11000000003,936070.0,22620.0,28260.0,76.0286
2026-08-11T07:53:00.544844+00:00,HYPE,112108.07999999999,295590.0,13480.0,9690.0,54.991
2026-08-11T08:45:01.108007+00:00,SOL,71392.13000000003,928210.0,20910.0,26620.0,76.1683
2026-08-11T08:45:01.108007+00:00,HYPE,112264.35999999997,287970.0,14120.0,9230.0,54.944
2026-08-11T09:43:35.021472+00:00,SOL,72888.80000000003,928850.0,20350.0,27510.0,75.7236
2026-08-11T09:43:35.021472+00:00,HYPE,112720.27999999998,288090.0,14230.0,9270.0,55.269
2026-08-11T10:34:37.561885+00:00,SOL,66535.44000000002,929000.0,18410.0,27000.0,75.8993
2026-08-11T10:34:37.561885+00:00,HYPE,112713.67999999998,288090.0,14230.0,9260.0,55.177
2026-08-11T11:28:11.843148+00:00,SOL,91793.09000000005,932800.0,18640.0,26970.0,76.3773
2026-08-11T11:28:11.843148+00:00,HYPE,112781.45999999998,288110.0,14250.0,9260.0,55.311
2026-08-11T12:09:07.248795+00:00,SOL,131261.7000000001,937420.0,18260.0,30450.0,76.1204
2026-08-11T12:09:07.248795+00:00,HYPE,112694.11999999997,288110.0,14170.0,9020.0,55.32
2026-08-11T13:39:45.233403+00:00,SOL,119736.4600000001,939080.0,15090.0,28530.0,76.2413
2026-08-11T13:39:45.233403+00:00,HYPE,117478.86999999997,290570.0,14980.0,9550.0,54.899
2026-08-11T14:42:24.981365+00:00,SOL,129061.18000000004,943120.0,13670.0,26620.0,75.4024
2026-08-11T14:42:24.981365+00:00,HYPE,130492.06999999996,296820.0,20030.0,10630.0,54.264
2026-08-11T15:38:22.856540+00:00,SOL,144411.16,947200.0,31910.0,22270.0,74.7485
2026-08-11T15:38:22.856540+00:00,HYPE,123933.46,298750.0,19100.0,10560.0,54.052
2026-08-11T16:33:48.262951+00:00,SOL,141855.39,945600.0,31570.0,22170.0,74.9066
2026-08-11T16:33:48.262951+00:00,HYPE,148021.13999999996,303290.0,21500.0,11910.0,53.979
2026-08-11T17:38:34.762794+00:00,SOL,141181.53000000003,945900.0,31420.0,22050.0,75.0021
2026-08-11T17:38:34.762794+00:00,HYPE,119719.48999999999,303540.0,19630.0,10450.0,53.899
2026-08-11T18:33:26.653108+00:00,SOL,151345.53999999998,950750.0,33070.0,25950.0,75.2877
2026-08-11T18:33:26.653108+00:00,HYPE,109915.95,303850.0,19170.0,9710.0,54.097
2026-08-11T19:44:05.018094+00:00,SOL,153933.33999999997,952060.0,32920.0,27040.0,75.5014
2026-08-11T19:44:05.018094+00:00,HYPE,121581.62999999998,308670.0,22360.0,9890.0,54.286
2026-08-11T20:24:30.722510+00:00,SOL,162048.58,955530.0,33400.0,30180.0,75.8997
2026-08-11T20:24:30.722510+00:00,HYPE,113245.58999999998,308730.0,21940.0,9420.0,54.494
2026-08-11T21:12:31.651159+00:00,SOL,161251.72999999998,955540.0,33310.0,29570.0,76.164
2026-08-11T21:12:31.651159+00:00,HYPE,110664.75,309200.0,22240.0,9260.0,54.59
2026-08-11T22:04:06.007318+00:00,SOL,155977.77999999997,956100.0,31560.0,29920.0,76.6047
2026-08-11T22:04:06.007318+00:00,HYPE,109829.47999999998,310110.0,21660.0,7790.0,54.666
2026-08-11T23:00:12.161246+00:00,SOL,160379.90999999997,956350.0,31550.0,30160.0,76.3312
2026-08-11T23:00:12.161246+00:00,HYPE,111797.60999999999,310310.0,22050.0,7810.0,54.334
2026-08-11T23:57:14.351202+00:00,SOL,160527.87999999998,956620.0,31790.0,30160.0,76.3043
2026-08-11T23:57:14.351202+00:00,HYPE,111845.19999999998,310320.0,22060.0,7810.0,54.46
2026-08-12T01:46:45.921050+00:00,SOL,157205.54,956630.0,31780.0,27910.0,76.415
2026-08-12T01:46:45.921050+00:00,HYPE,111342.89999999998,311120.0,21510.0,8520.0,54.618
2026-08-12T03:58:28.032211+00:00,SOL,158605.28,965550.0,38660.0,30190.0,76.5504
2026-08-12T03:58:28.032211+00:00,HYPE,111556.25999999998,311920.0,22310.0,8510.0,54.633
2026-08-12T05:37:58.847731+00:00,SOL,161666.67,983610.0,55540.0,31990.0,77.5487
2026-08-12T05:37:58.847731+00:00,HYPE,116285.31,311920.0,22710.0,8490.0,54.571
2026-08-12T06:57:22.491041+00:00,SOL,156934.62000000002,984640.0,53770.0,32140.0,77.1933
2026-08-12T06:57:22.491041+00:00,HYPE,113170.06000000003,312730.0,21310.0,7710.0,54.733
2026-08-12T08:15:26.913755+00:00,SOL,150041.92,950610.0,27030.0,24580.0,76.7368
2026-08-12T08:15:26.913755+00:00,HYPE,112873.14,310020.0,19460.0,8200.0,55.034
2026-08-12T09:37:18.054078+00:00,SOL,150807.76,952170.0,28230.0,23510.0,77.1748
2026-08-12T09:37:18.054078+00:00,HYPE,112338.65000000002,310220.0,19250.0,8160.0,55.323
2026-08-12T10:41:23.579714+00:00,SOL,150926.74000000002,952490.0,28280.0,23830.0,77.2023
2026-08-12T10:41:23.579714+00:00,HYPE,112504.63000000002,310520.0,19550.0,8160.0,55.493
2026-08-12T11:28:44.207375+00:00,SOL,124631.0,952550.0,27870.0,22060.0,77.2373
2026-08-12T11:28:44.207375+00:00,HYPE,112944.34000000001,311040.0,20350.0,8200.0,55.74
2026-08-12T12:11:29.146783+00:00,SOL,80703.78,952660.0,27830.0,18060.0,77.4317
2026-08-12T12:11:29.146783+00:00,HYPE,113855.87,311530.0,20490.0,8650.0,55.801
2026-08-12T13:44:48.277688+00:00,SOL,78374.20999999999,953840.0,28400.0,17600.0,76.648
2026-08-12T13:44:48.277688+00:00,HYPE,112030.82,312100.0,19330.0,7930.0,55.927
2026-08-12T14:44:25.763643+00:00,SOL,61709.52000000001,955020.0,26260.0,15850.0,75.9493
2026-08-12T14:44:25.763643+00:00,HYPE,101337.81,312750.0,14130.0,7180.0,55.917
2026-08-12T15:40:04.788116+00:00,SOL,41251.960000000014,955270.0,7240.0,15720.0,76.1294
2026-08-12T15:40:04.788116+00:00,HYPE,88632.23999999996,313200.0,13480.0,6370.0,56.255
2026-08-12T16:33:48.007845+00:00,SOL,41053.990000000005,955480.0,7340.0,15040.0,76.0495
2026-08-12T16:33:48.007845+00:00,HYPE,59358.62,313580.0,11700.0,4700.0,56.308
2026-08-12T17:39:39.629600+00:00,SOL,54784.25,959020.0,8420.0,18280.0,76.3395
2026-08-12T17:39:39.629600+00:00,HYPE,62053.11,313760.0,11860.0,4690.0,56.788
2026-08-12T18:34:22.694096+00:00,SOL,47329.71000000001,959650.0,7080.0,15530.0,76.4646
2026-08-12T18:34:22.694096+00:00,HYPE,63059.42000000001,314020.0,11850.0,4730.0,56.721
2026-08-12T19:46:23.536738+00:00,SOL,46967.45000000001,960460.0,6560.0,16610.0,76.0384
2026-08-12T19:46:23.536738+00:00,HYPE,38069.15,314150.0,7900.0,3480.0,56.239
2026-08-12T20:34:56.833228+00:00,SOL,38768.25,960830.0,6430.0,13540.0,76.3498
2026-08-12T20:34:56.833228+00:00,HYPE,38186.75000000001,314180.0,7820.0,3530.0,56.24
2026-08-12T21:26:37.703998+00:00,SOL,38693.26,960830.0,6430.0,13290.0,75.8587
2026-08-12T21:26:37.703998+00:00,HYPE,37154.33000000001,314200.0,7710.0,3500.0,56.07
2026-08-12T22:09:21.595505+00:00,SOL,34129.170000000006,960830.0,6180.0,12940.0,75.9351
2026-08-12T22:09:21.595505+00:00,HYPE,34806.990000000005,314200.0,7140.0,3550.0,56.112
2026-08-12T22:58:59.407779+00:00,SOL,34279.14000000001,960680.0,6180.0,13090.0,75.9078
2026-08-12T22:58:59.407779+00:00,HYPE,35002.16,314370.0,7040.0,3690.0,56.065
2026-08-12T23:44:03.477531+00:00,SOL,41478.71000000001,964360.0,6860.0,17290.0,75.9447
2026-08-12T23:44:03.477531+00:00,HYPE,34954.57000000001,314370.0,7030.0,3690.0,56.065
2026-08-13T00:44:33.170340+00:00,SOL,42350.54000000001,964360.0,7160.0,17600.0,76.0162
2026-08-13T00:44:33.170340+00:00,HYPE,34940.56,314470.0,7130.0,3290.0,56.264
2026-08-13T03:14:58.012164+00:00,SOL,46165.78,957110.0,7840.0,19660.0,76.4871
2026-08-13T03:14:58.012164+00:00,HYPE,35141.79,314970.0,6480.0,3320.0,56.515
2026-08-13T05:08:04.219721+00:00,SOL,46117.79,957780.0,7130.0,20610.0,76.6702
2026-08-13T05:08:04.219721+00:00,HYPE,33556.50000000001,315070.0,6390.0,3720.0,56.936
2026-08-13T06:42:48.397847+00:00,SOL,51892.65,960080.0,8520.0,23760.0,76.7497
2026-08-13T06:42:48.397847+00:00,HYPE,30960.31,315270.0,7580.0,3750.0,57.292
2026-08-13T08:04:45.950504+00:00,SOL,53635.29000000001,957710.0,11460.0,19720.0,76.3688
2026-08-13T08:04:45.950504+00:00,HYPE,31118.220000000005,313520.0,9330.0,3750.0,57.332
2026-08-13T09:31:39.935244+00:00,SOL,53177.390000000014,959960.0,11770.0,20940.0,75.9787
2026-08-13T09:31:39.935244+00:00,HYPE,35343.18,316000.0,11050.0,3650.0,57.084
2026-08-13T10:42:58.134976+00:00,SOL,53105.44000000001,959910.0,12470.0,20930.0,75.796
2026-08-13T10:42:58.134976+00:00,HYPE,36636.51000000001,317830.0,12280.0,4290.0,57.491
2026-08-13T11:28:05.977065+00:00,SOL,53148.530000000006,962060.0,12150.0,23330.0,75.5556
2026-08-13T11:28:05.977065+00:00,HYPE,36129.01000000001,317830.0,11460.0,4250.0,57.203
2026-08-13T12:09:23.724396+00:00,SOL,53066.530000000006,962060.0,12140.0,23210.0,75.7331
2026-08-13T12:09:23.724396+00:00,HYPE,35307.1,318510.0,12100.0,3800.0,57.101
2026-08-13T13:44:01.841014+00:00,SOL,50454.15,962260.0,11470.0,22610.0,76.2545
2026-08-13T13:44:01.841014+00:00,HYPE,32366.400000000005,318460.0,11980.0,3440.0,58.008
2026-08-13T14:45:19.471958+00:00,SOL,47947.649999999994,963070.0,11460.0,22600.0,76.4757
2026-08-13T14:45:19.471958+00:00,HYPE,31186.06,318850.0,12900.0,3110.0,58.192
2026-08-13T15:51:48.594063+00:00,SOL,47687.71,963830.0,11600.0,23260.0,75.9237
2026-08-13T15:51:48.594063+00:00,HYPE,34116.36,320330.0,14340.0,3040.0,57.968
2026-08-13T16:47:07.355094+00:00,SOL,46974.86,968920.0,13250.0,27430.0,75.3184
2026-08-13T16:47:07.355094+00:00,HYPE,31776.6,320300.0,14100.0,2950.0,57.644
2026-08-13T17:51:42.413746+00:00,SOL,47055.84999999999,971130.0,15250.0,25810.0,75.759
2026-08-13T17:51:42.413746+00:00,HYPE,28780.91,320300.0,14110.0,2880.0,57.598
2026-08-13T18:52:00.729102+00:00,SOL,46652.93,971790.0,15500.0,24670.0,75.8473
2026-08-13T18:52:00.729102+00:00,HYPE,25933.69,320950.0,14750.0,2740.0,57.755
2026-08-13T19:52:26.520628+00:00,SOL,49077.45999999999,973990.0,17340.0,22760.0,76.0906
2026-08-13T19:52:26.520628+00:00,HYPE,26698.95,321150.0,14590.0,3020.0,57.515
2026-08-13T20:33:18.039669+00:00,SOL,49946.28999999999,974440.0,17790.0,22760.0,76.2611
2026-08-13T20:33:18.039669+00:00,HYPE,26497.52,321150.0,14770.0,2970.0,57.476
2026-08-13T21:27:18.677743+00:00,SOL,50696.13999999999,974640.0,17790.0,23210.0,76.1367
2026-08-13T21:27:18.677743+00:00,HYPE,26490.260000000002,321150.0,14760.0,2960.0,57.505
2026-08-13T22:09:55.049978+00:00,SOL,50746.12999999999,974890.0,18040.0,23210.0,76.2671
2026-08-13T22:09:55.049978+00:00,HYPE,24662.33,321160.0,14670.0,2860.0,57.352
2026-08-13T22:59:51.056836+00:00,SOL,50776.12999999999,975130.0,18090.0,23310.0,76.1959
2026-08-13T22:59:51.056836+00:00,HYPE,27365.87,323100.0,15950.0,6870.0,57.411
2026-08-13T23:48:10.549398+00:00,SOL,43819.52,975390.0,17040.0,20020.0,76.2225
2026-08-13T23:48:10.549398+00:00,HYPE,27568.43,323100.0,16150.0,7070.0,57.464
2026-08-14T01:14:57.417322+00:00,SOL,41278.03000000001,975390.0,16240.0,19010.0,75.875
2026-08-14T01:14:57.417322+00:00,HYPE,27834.189999999995,323600.0,16450.0,7370.0,57.443
2026-08-14T03:30:17.106757+00:00,SOL,40043.27000000002,975740.0,16030.0,18400.0,75.9082
2026-08-14T03:30:17.106757+00:00,HYPE,27679.53,323900.0,16500.0,7270.0,56.926
2026-08-14T05:18:26.095784+00:00,SOL,42021.870000000024,978380.0,16770.0,20240.0,75.8007
2026-08-14T05:18:26.095784+00:00,HYPE,30651.510000000002,325310.0,16410.0,8980.0,56.685
2026-08-14T06:51:16.618485+00:00,SOL,40754.13000000001,980010.0,16170.0,18320.0,75.5917
2026-08-14T06:51:16.618485+00:00,HYPE,27724.719999999994,325810.0,15070.0,9250.0,56.641
2026-08-14T08:07:48.822277+00:00,SOL,35053.13000000001,887840.0,8350.0,13610.0,75.575
2026-08-14T08:07:48.822277+00:00,HYPE,28355.199999999997,284940.0,12540.0,9070.0,56.448
2026-08-14T09:18:46.679157+00:00,SOL,86521.86999999998,924430.0,36360.0,24510.0,75.7553
2026-08-14T09:18:46.679157+00:00,HYPE,27834.509999999995,286300.0,12610.0,9710.0,56.638
2026-08-14T10:30:47.177708+00:00,SOL,105465.05,926870.0,38210.0,25820.0,75.4948
2026-08-14T10:30:47.177708+00:00,HYPE,32838.38000000001,289000.0,13500.0,10030.0,56.512
2026-08-14T11:25:44.875026+00:00,SOL,108271.49,931490.0,43270.0,25020.0,75.4435
2026-08-14T11:25:44.875026+00:00,HYPE,32773.170000000006,289580.0,13430.0,10470.0,56.421
2026-08-14T12:05:21.393656+00:00,SOL,108479.45,931840.0,43530.0,25110.0,75.4733
2026-08-14T12:05:21.393656+00:00,HYPE,32858.91,290080.0,12950.0,10670.0,56.096
2026-08-14T13:38:49.832491+00:00,SOL,113886.28,935500.0,43890.0,29440.0,75.2995
2026-08-14T13:38:49.832491+00:00,HYPE,33966.84000000002,291020.0,13840.0,10930.0,56.053
2026-08-14T14:37:21.017373+00:00,SOL,114593.14,936920.0,43790.0,30610.0,75.2546
2026-08-14T14:37:21.017373+00:00,HYPE,30968.42,291340.0,13170.0,11000.0,55.569
2026-08-14T15:29:21.179281+00:00,SOL,114587.13999999998,937240.0,43830.0,30670.0,75.3861
2026-08-14T15:29:21.179281+00:00,HYPE,26965.919999999995,292540.0,11290.0,11960.0,55.813
2026-08-14T16:24:39.654622+00:00,SOL,108763.29999999996,940150.0,43450.0,30750.0,75.522
2026-08-14T16:24:39.654622+00:00,HYPE,26543.829999999994,292530.0,11090.0,11950.0,55.84
2026-08-14T17:24:46.711189+00:00,SOL,124467.14000000001,949610.0,49450.0,33510.0,75.5716
2026-08-14T17:24:46.711189+00:00,HYPE,25912.769999999993,292530.0,10980.0,11760.0,55.972
2026-08-14T18:13:10.741693+00:00,SOL,139016.18999999997,951540.0,50050.0,34900.0,75.0625
2026-08-14T18:13:10.741693+00:00,HYPE,25797.089999999997,292530.0,10930.0,11760.0,55.724
2026-08-14T19:13:53.589029+00:00,SOL,132532.47,951960.0,47480.0,35230.0,74.6995
2026-08-14T19:13:53.589029+00:00,HYPE,24773.769999999997,294690.0,13360.0,11460.0,55.516
2026-08-14T19:56:36.360674+00:00,SOL,134317.12,953010.0,48480.0,35480.0,75.0191
2026-08-14T19:56:36.360674+00:00,HYPE,26381.199999999997,295800.0,14080.0,12060.0,55.676
2026-08-14T20:26:35.065179+00:00,SOL,133662.24000000002,953470.0,48580.0,35730.0,75.0959
2026-08-14T20:26:35.065179+00:00,HYPE,26346.569999999992,296280.0,14360.0,12060.0,55.626
2026-08-14T20:54:41.092285+00:00,SOL,133362.30000000005,953470.0,48280.0,35730.0,75.0906
2026-08-14T20:54:41.092285+00:00,HYPE,26440.309999999994,296760.0,15240.0,12060.0,55.439
2026-08-14T21:17:56.445216+00:00,SOL,133380.30000000005,953480.0,48290.0,35730.0,75.1331
2026-08-14T21:17:56.445216+00:00,HYPE,26533.289999999994,296860.0,15340.0,12060.0,55.645
2026-08-14T21:47:21.992939+00:00,SOL,132580.46000000002,953480.0,48040.0,35280.0,75.1069
2026-08-14T21:47:21.992939+00:00,HYPE,26859.229999999996,297060.0,15340.0,12260.0,55.695
2026-08-14T22:14:05.240399+00:00,SOL,132580.46000000002,953480.0,48040.0,35280.0,75.082
2026-08-14T22:14:05.240399+00:00,HYPE,26892.129999999997,296860.0,15330.0,12460.0,56.248
2026-08-14T22:41:30.584362+00:00,SOL,132910.41000000003,953490.0,48000.0,35530.0,75.0408
2026-08-14T22:41:30.584362+00:00,HYPE,25579.199999999997,297260.0,13940.0,11420.0,56.222
2026-08-14T22:58:34.706317+00:00,SOL,133065.38000000003,953670.0,48600.0,35530.0,75.1236
2026-08-14T22:58:34.706317+00:00,HYPE,22348.760000000002,297260.0,13850.0,9190.0,56.391
2026-08-14T23:23:04.408515+00:00,SOL,132623.46000000002,953670.0,48600.0,35270.0,75.2014
2026-08-14T23:23:04.408515+00:00,HYPE,22239.79,297260.0,13850.0,9090.0,56.204
2026-08-14T23:44:39.084130+00:00,SOL,132723.45000000004,954420.0,49350.0,35270.0,75.3075
2026-08-14T23:44:39.084130+00:00,HYPE,22180.21,297260.0,13650.0,9190.0,56.405
2026-08-15T00:00:24.860248+00:00,SOL,132723.45000000004,954420.0,49350.0,35270.0,75.3441
2026-08-15T00:00:24.860248+00:00,HYPE,21960.459999999995,297460.0,13650.0,9190.0,56.486
2026-08-15T01:47:23.322017+00:00,SOL,134973.00000000006,955870.0,50500.0,36420.0,75.3555
2026-08-15T01:47:23.322017+00:00,HYPE,22055.779999999995,297980.0,13350.0,9810.0,56.465
2026-08-15T02:44:39.754935+00:00,SOL,134784.03000000003,955870.0,50490.0,36320.0,75.5596
2026-08-15T02:44:39.754935+00:00,HYPE,21883.210000000003,297980.0,13470.0,9680.0,56.499
2026-08-15T03:23:56.012321+00:00,SOL,140970.80000000005,958350.0,51850.0,38120.0,75.5664
2026-08-15T03:23:56.012321+00:00,HYPE,21865.81,297980.0,13270.0,9680.0,56.629
2026-08-15T04:01:22.298701+00:00,SOL,155589.87000000005,966210.0,58000.0,39810.0,75.3751
2026-08-15T04:01:22.298701+00:00,HYPE,21858.030000000002,297980.0,13410.0,9130.0,56.594
2026-08-15T04:45:02.120212+00:00,SOL,169482.12,970990.0,59880.0,43510.0,75.5308
2026-08-15T04:45:02.120212+00:00,HYPE,19549.969999999998,297980.0,13410.0,7880.0,56.354
2026-08-15T05:03:37.406553+00:00,SOL,169687.09,971190.0,60080.0,43600.0,75.4508
2026-08-15T05:03:37.406553+00:00,HYPE,19272.030000000002,297980.0,13410.0,7680.0,56.219
2026-08-15T05:38:17.342572+00:00,SOL,167787.46000000002,971190.0,60080.0,42050.0,75.3145
2026-08-15T05:38:17.342572+00:00,HYPE,18902.140000000003,298260.0,13590.0,7370.0,55.875
2026-08-15T05:59:03.501969+00:00,SOL,165287.96000000008,971190.0,60080.0,41550.0,75.2881
2026-08-15T05:59:03.501969+00:00,HYPE,18572.930000000004,298260.0,12910.0,7170.0,56.223
2026-08-15T06:42:17.178461+00:00,SOL,170091.00000000003,974040.0,61480.0,42710.0,75.3108
2026-08-15T06:42:17.178461+00:00,HYPE,18297.590000000004,298260.0,12510.0,6870.0,56.257
2026-08-15T07:16:15.799237+00:00,SOL,171306.75000000003,974580.0,61560.0,43210.0,75.3348
2026-08-15T07:16:15.799237+00:00,HYPE,18017.65000000001,298260.0,12510.0,6670.0,56.267
2026-08-15T07:50:01.068585+00:00,SOL,171314.75000000003,974600.0,61580.0,43210.0,75.212
2026-08-15T07:50:01.068585+00:00,HYPE,18046.720000000005,297910.0,12910.0,6680.0,56.304
2026-08-15T08:18:00.130632+00:00,SOL,167993.42000000004,967720.0,59840.0,40280.0,76.3969
2026-08-15T08:18:00.130632+00:00,HYPE,16921.72,295170.0,11800.0,5730.0,56.297
2026-08-15T08:52:01.290045+00:00,SOL,135808.86000000004,969480.0,35680.0,38660.0,76.1897
2026-08-15T08:52:01.290045+00:00,HYPE,16382.960000000005,296070.0,12150.0,5370.0,56.148
2026-08-15T09:18:00.391904+00:00,SOL,118894.22000000007,969480.0,33420.0,30330.0,76.251
2026-08-15T09:18:00.391904+00:00,HYPE,16311.980000000003,296270.0,12250.0,5270.0,56.114
2026-08-15T09:47:32.256034+00:00,SOL,116974.59000000007,970330.0,32820.0,30930.0,76.371
2026-08-15T09:47:32.256034+00:00,HYPE,13580.359999999999,296270.0,10520.0,4710.0,56.056
2026-08-15T10:14:18.769042+00:00,SOL,116974.59000000007,970330.0,32820.0,30930.0,76.4318
2026-08-15T10:14:18.769042+00:00,HYPE,11233.119999999999,296570.0,9820.0,4480.0,55.995
2026-08-15T10:40:34.903444+00:00,SOL,97535.49000000006,970330.0,26970.0,29900.0,76.4324
2026-08-15T10:40:34.903444+00:00,HYPE,8760.020000000002,296570.0,9060.0,4320.0,55.887
2026-08-15T10:57:35.596242+00:00,SOL,97496.49000000006,970330.0,26840.0,29900.0,76.4458
2026-08-15T10:57:35.596242+00:00,HYPE,8284.28,296570.0,9060.0,4020.0,55.985
2026-08-15T11:18:42.111134+00:00,SOL,97393.52000000003,970330.0,26510.0,29900.0,76.4668
2026-08-15T11:18:42.111134+00:00,HYPE,8272.599999999999,296650.0,9060.0,3900.0,55.9
2026-08-15T11:42:09.236232+00:00,SOL,96748.65000000004,970330.0,26260.0,29550.0,76.3458
2026-08-15T11:42:09.236232+00:00,HYPE,8177.02,296650.0,8860.0,3900.0,55.918
2026-08-15T11:56:24.808620+00:00,SOL,96748.65000000004,970330.0,26260.0,29550.0,76.4402
2026-08-15T11:56:24.808620+00:00,HYPE,8128.2300000000005,296650.0,8860.0,3700.0,55.983
2026-08-15T12:28:27.654071+00:00,SOL,97461.51000000004,970630.0,26800.0,29560.0,76.4319
2026-08-15T12:28:27.654071+00:00,HYPE,7627.92,296750.0,8660.0,3600.0,55.935
2026-08-15T13:07:58.182038+00:00,SOL,98772.24000000003,971440.0,27610.0,29860.0,76.639
2026-08-15T13:07:58.182038+00:00,HYPE,6880.08,296750.0,8020.0,3540.0,56.39
2026-08-15T13:41:44.132922+00:00,SOL,92810.44000000002,971540.0,27350.0,24880.0,76.6452
2026-08-15T13:41:44.132922+00:00,HYPE,7101.830000000001,297450.0,8420.0,3740.0,56.482
2026-08-15T13:58:12.739958+00:00,SOL,92808.44,971540.0,27350.0,24710.0,76.5879
2026-08-15T13:58:12.739958+00:00,HYPE,7087.430000000001,297450.0,8420.0,3750.0,56.362
2026-08-15T14:22:47.205947+00:00,SOL,93083.38,971590.0,27400.0,24960.0,76.5889
2026-08-15T14:22:47.205947+00:00,HYPE,7253.380000000001,298030.0,9130.0,3700.0,56.405
2026-08-15T14:45:38.628905+00:00,SOL,95022.0,973700.0,29810.0,24460.0,76.6342
2026-08-15T14:45:38.628905+00:00,HYPE,6988.240000000001,298130.0,8930.0,3600.0,56.353
2026-08-15T15:12:38.424479+00:00,SOL,94999.01,973700.0,29790.0,24380.0,76.5757
2026-08-15T15:12:38.424479+00:00,HYPE,5947.090000000001,298130.0,8770.0,2800.0,56.37
2026-08-15T15:34:40.298180+00:00,SOL,95528.90000000002,976050.0,29490.0,26830.0,76.6616
2026-08-15T15:34:40.298180+00:00,HYPE,5947.090000000001,298130.0,8770.0,2800.0,56.747
2026-08-15T15:55:04.957907+00:00,SOL,94980.02000000002,976600.0,29310.0,25020.0,76.654
2026-08-15T15:55:04.957907+00:00,HYPE,5986.920000000001,298330.0,9210.0,2800.0,56.764
2026-08-15T16:14:20.872426+00:00,SOL,94650.08000000002,976600.0,29260.0,23140.0,76.6093
2026-08-15T16:14:20.872426+00:00,HYPE,6064.37,298520.0,9900.0,2790.0,56.846
2026-08-15T16:42:24.671545+00:00,SOL,93973.21,976600.0,29200.0,23080.0,76.5122
2026-08-15T16:42:24.671545+00:00,HYPE,7652.05,298820.0,10090.0,2960.0,56.776
2026-08-15T16:59:52.965398+00:00,SOL,98817.25000000001,979150.0,29200.0,25630.0,76.4527
2026-08-15T16:59:52.965398+00:00,HYPE,7975.09,299000.0,10210.0,3050.0,57.168
2026-08-15T17:24:58.429618+00:00,SOL,81710.68,979600.0,21300.0,23230.0,76.6913
2026-08-15T17:24:58.429618+00:00,HYPE,7994.4,299080.0,10290.0,3030.0,56.94
2026-08-15T17:42:50.529579+00:00,SOL,65940.83999999998,979850.0,20630.0,21580.0,76.7022
2026-08-15T17:42:50.529579+00:00,HYPE,8041.829999999999,299150.0,10340.0,3050.0,57.008
2026-08-15T17:57:16.464118+00:00,SOL,65387.94999999997,979850.0,20720.0,21330.0,76.8032
2026-08-15T17:57:16.464118+00:00,HYPE,8041.829999999999,299150.0,10340.0,3050.0,57.028
2026-08-15T18:25:40.510940+00:00,SOL,65913.86999999998,980350.0,21160.0,21060.0,76.6493
2026-08-15T18:25:40.510940+00:00,HYPE,8019.639999999999,299170.0,9860.0,3070.0,56.939
2026-08-15T18:54:29.529388+00:00,SOL,66567.73999999998,981000.0,21410.0,21540.0,76.7481
2026-08-15T18:54:29.529388+00:00,HYPE,7602.46,299200.0,7490.0,3070.0,56.936
2026-08-15T19:15:28.376935+00:00,SOL,65552.94999999998,981060.0,21380.0,21330.0,76.7207
2026-08-15T19:15:28.376935+00:00,HYPE,7580.389999999999,299200.0,7250.0,3070.0,56.959
2026-08-15T19:42:18.210064+00:00,SOL,64308.18999999999,981060.0,20380.0,21380.0,76.8308
2026-08-15T19:42:18.210064+00:00,HYPE,7580.389999999999,299200.0,7250.0,3070.0,57.169
2026-08-15T19:55:03.323492+00:00,SOL,64308.18999999999,981060.0,20380.0,21380.0,76.6222
2026-08-15T19:55:03.323492+00:00,HYPE,5995.019999999999,299200.0,6770.0,2470.0,57.32
2026-08-15T20:13:25.395194+00:00,SOL,64308.18999999999,981060.0,20380.0,21380.0,76.6768
2026-08-15T20:13:25.395194+00:00,HYPE,5985.939999999999,299220.0,6550.0,2470.0,57.191
2026-08-15T20:38:57.855337+00:00,SOL,64308.18999999999,981060.0,20380.0,21380.0,76.7283
2026-08-15T20:38:57.855337+00:00,HYPE,5963.869999999999,299220.0,6310.0,2470.0,57.003
2026-08-15T20:57:41.578880+00:00,SOL,64308.18999999999,981060.0,20380.0,21380.0,76.7532
2026-08-15T20:57:41.578880+00:00,HYPE,5887.179999999999,299240.0,5440.0,2510.0,57.063
2026-08-15T21:19:29.046729+00:00,SOL,66964.67,982610.0,21620.0,21680.0,76.7539
2026-08-15T21:19:29.046729+00:00,HYPE,5817.999999999998,299440.0,5540.0,2510.0,57.058
2026-08-15T21:42:52.261344+00:00,SOL,67134.64,982610.0,21720.0,21680.0,76.8686
2026-08-15T21:42:52.261344+00:00,HYPE,5593.509999999998,299470.0,5670.0,2310.0,57.088
2026-08-15T21:56:17.582216+00:00,SOL,67134.64,982610.0,21720.0,21680.0,76.8778
2026-08-15T21:56:17.582216+00:00,HYPE,5593.509999999998,299470.0,5670.0,2310.0,57.023
2026-08-15T22:16:03.795538+00:00,SOL,67145.64,982620.0,21730.0,21680.0,76.9073
2026-08-15T22:16:03.795538+00:00,HYPE,5593.509999999998,299470.0,5670.0,2310.0,57.053
2026-08-15T22:44:33.945870+00:00,SOL,67085.64,982620.0,21970.0,21430.0,76.8592
2026-08-15T22:44:33.945870+00:00,HYPE,5438.539999999999,299470.0,5670.0,1910.0,56.978
2026-08-15T22:59:13.029844+00:00,SOL,66930.67,982620.0,21370.0,21430.0,76.7473
2026-08-15T22:59:13.029844+00:00,HYPE,5438.539999999999,299470.0,5670.0,1910.0,56.925
2026-08-15T23:23:01.824066+00:00,SOL,66980.65999999999,982620.0,21470.0,21430.0,76.5478
2026-08-15T23:23:01.824066+00:00,HYPE,5438.539999999999,299470.0,5670.0,1910.0,56.807
2026-08-15T23:41:43.946178+00:00,SOL,66880.67,982620.0,20720.0,21430.0,76.5365
2026-08-15T23:41:43.946178+00:00,HYPE,5438.539999999999,299470.0,5670.0,1910.0,56.943
2026-08-15T23:56:33.884982+00:00,SOL,66880.67,982620.0,20720.0,21430.0,76.5379
2026-08-15T23:56:33.884982+00:00,HYPE,5389.349999999999,299470.0,5670.0,1710.0,56.84
2026-08-16T01:03:59.028071+00:00,SOL,66590.73,982620.0,20620.0,21430.0,76.712
2026-08-16T01:03:59.028071+00:00,HYPE,6115.909999999998,299500.0,5730.0,1820.0,56.815
2026-08-16T02:33:27.237482+00:00,SOL,64746.09,982870.0,19570.0,21430.0,76.7878
2026-08-16T02:33:27.237482+00:00,HYPE,6755.129999999999,299790.0,5670.0,1850.0,57.241
2026-08-16T03:30:54.119951+00:00,SOL,58129.419999999984,982870.0,18310.0,19180.0,76.8187
2026-08-16T03:30:54.119951+00:00,HYPE,7295.309999999999,299800.0,6160.0,1850.0,57.018
2026-08-16T04:19:27.765417+00:00,SOL,34124.22,983120.0,10770.0,13180.0,76.7673
2026-08-16T04:19:27.765417+00:00,HYPE,6798.91,299850.0,6260.0,1900.0,56.968
2026-08-16T04:57:34.571939+00:00,SOL,28738.289999999997,983120.0,9990.0,12690.0,76.6051
2026-08-16T04:57:34.571939+00:00,HYPE,7062.86,299920.0,6500.0,1900.0,57.076
2026-08-16T05:26:41.429995+00:00,SOL,28698.3,983120.0,9790.0,12690.0,76.6732
2026-08-16T05:26:41.429995+00:00,HYPE,7049.23,299920.0,6360.0,1900.0,57.017
2026-08-16T05:52:16.477695+00:00,SOL,28698.3,983120.0,9790.0,12690.0,76.5075
2026-08-16T05:52:16.477695+00:00,HYPE,7026.68,299920.0,6120.0,1900.0,56.958
2026-08-16T06:25:40.489997+00:00,SOL,27458.55,983120.0,9790.0,12090.0,76.4819
2026-08-16T06:25:40.489997+00:00,HYPE,7118.340000000002,300230.0,6390.0,1940.0,56.809
2026-08-16T07:07:47.090939+00:00,SOL,23495.350000000002,984410.0,7790.0,11830.0,76.5336
2026-08-16T07:07:47.090939+00:00,HYPE,7256.1100000000015,300430.0,6590.0,1940.0,57.115
2026-08-16T07:43:18.377143+00:00,SOL,24872.070000000003,985400.0,8770.0,11840.0,76.646
2026-08-16T07:43:18.377143+00:00,HYPE,7309.310000000001,300440.0,6200.0,1910.0,57.369
2026-08-16T08:00:32.609537+00:00,SOL,24874.070000000003,985420.0,8770.0,11860.0,76.5935
2026-08-16T08:00:32.609537+00:00,HYPE,7410.3200000000015,300360.0,6210.0,2070.0,57.441
2026-08-16T08:44:49.740504+00:00,SOL,21664.71,981680.0,7520.0,10030.0,76.6063
2026-08-16T08:44:49.740504+00:00,HYPE,7746.700000000001,298760.0,6360.0,2060.0,57.403
2026-08-16T09:04:19.613195+00:00,SOL,21674.71,981690.0,7530.0,10030.0,76.5567
2026-08-16T09:04:19.613195+00:00,HYPE,7485.139999999998,299160.0,5960.0,2460.0,57.532
2026-08-16T09:38:45.689685+00:00,SOL,21834.670000000002,981690.0,7530.0,10130.0,76.6251
2026-08-16T09:38:45.689685+00:00,HYPE,7485.139999999998,299160.0,5960.0,2460.0,57.365
2026-08-16T09:57:31.246141+00:00,SOL,21804.68,981690.0,7530.0,10030.0,76.5377
2026-08-16T09:57:31.246141+00:00,HYPE,7485.139999999998,299160.0,5960.0,2460.0,57.418
2026-08-16T10:21:07.114104+00:00,SOL,22041.64,982170.0,8070.0,10150.0,76.403
2026-08-16T10:21:07.114104+00:00,HYPE,7285.179999999998,299160.0,5760.0,2460.0,57.358
2026-08-16T10:46:22.519496+00:00,SOL,21992.65,982180.0,8090.0,10120.0,76.2921
2026-08-16T10:46:22.519496+00:00,HYPE,7285.179999999998,299160.0,5760.0,2460.0,57.352
2026-08-16T11:12:56.642955+00:00,SOL,22534.539999999997,982710.0,8240.0,10620.0,76.3988
2026-08-16T11:12:56.642955+00:00,HYPE,7266.629999999997,299160.0,5760.0,2380.0,57.438
2026-08-16T11:33:57.168037+00:00,SOL,22534.539999999997,982710.0,8240.0,10620.0,76.4459
2026-08-16T11:33:57.168037+00:00,HYPE,7266.629999999997,299160.0,5760.0,2380.0,57.383
2026-08-16T11:55:07.712495+00:00,SOL,22546.539999999997,982730.0,8260.0,10620.0,76.4022
2026-08-16T11:55:07.712495+00:00,HYPE,7266.629999999997,299160.0,5760.0,2380.0,57.362
2026-08-16T12:22:39.695511+00:00,SOL,22025.64,982980.0,7710.0,10870.0,76.3546
2026-08-16T12:22:39.695511+00:00,HYPE,7271.439999999999,299270.0,5860.0,2490.0,57.221
2026-08-16T13:07:35.117415+00:00,SOL,20832.86,983330.0,7230.0,10770.0,76.4144
2026-08-16T13:07:35.117415+00:00,HYPE,7393.409999999999,299600.0,5890.0,2790.0,57.225
2026-08-16T13:42:47.745552+00:00,SOL,20936.83,983430.0,7160.0,10880.0,76.5693
2026-08-16T13:42:47.745552+00:00,HYPE,7141.269999999999,299600.0,5390.0,2590.0,57.086
2026-08-16T13:59:11.695332+00:00,SOL,20696.880000000005,983530.0,7260.0,10630.0,76.4244
2026-08-16T13:59:11.695332+00:00,HYPE,7141.269999999999,299600.0,5390.0,2590.0,57.183
2026-08-16T14:25:58.649942+00:00,SOL,20422.940000000002,983540.0,7210.0,10390.0,76.5037
2026-08-16T14:25:58.649942+00:00,HYPE,7021.809999999998,299610.0,4580.0,2620.0,57.149
2026-08-16T14:46:31.658221+00:00,SOL,19434.13,985540.0,4800.0,12390.0,76.5097
2026-08-16T14:46:31.658221+00:00,HYPE,7001.809999999998,299610.0,4580.0,2520.0,57.242
2026-08-16T15:13:27.693914+00:00,SOL,19812.050000000003,986720.0,4980.0,13360.0,76.6129
2026-08-16T15:13:27.693914+00:00,HYPE,7001.809999999998,299610.0,4580.0,2520.0,57.245
2026-08-16T15:35:18.141291+00:00,SOL,18638.29,986780.0,4980.0,10470.0,76.6851
2026-08-16T15:35:18.141291+00:00,HYPE,7001.809999999998,299610.0,4580.0,2520.0,57.283
2026-08-16T15:55:43.834038+00:00,SOL,18638.29,986980.0,5180.0,10420.0,76.7521
2026-08-16T15:55:43.834038+00:00,HYPE,6993.569999999999,299650.0,4140.0,2560.0,57.473
2026-08-16T16:17:19.991974+00:00,SOL,18559.31,986980.0,5180.0,10410.0,76.754
2026-08-16T16:17:19.991974+00:00,HYPE,7492.329999999998,300200.0,3540.0,3050.0,57.798
2026-08-16T16:47:53.670473+00:00,SOL,19081.210000000003,987660.0,5460.0,11420.0,76.702
2026-08-16T16:47:53.670473+00:00,HYPE,6204.41,300300.0,3840.0,2950.0,57.811
2026-08-16T17:12:51.843838+00:00,SOL,13986.239999999998,988030.0,5580.0,8820.0,76.6816
2026-08-16T17:12:51.843838+00:00,HYPE,5911.040000000001,300330.0,3680.0,2870.0,57.957
2026-08-16T17:33:43.305420+00:00,SOL,13024.429999999997,988930.0,5330.0,9800.0,76.6025
2026-08-16T17:33:43.305420+00:00,HYPE,6368.410000000001,300500.0,3920.0,2850.0,57.88
2026-08-16T17:54:12.152771+00:00,SOL,12981.439999999997,989000.0,5230.0,9870.0,76.5112
2026-08-16T17:54:12.152771+00:00,HYPE,6567.77,300690.0,4110.0,2850.0,57.711
2026-08-16T18:17:15.710603+00:00,SOL,13033.429999999997,989040.0,4780.0,10160.0,76.3302
2026-08-16T18:17:15.710603+00:00,HYPE,7071.46,301220.0,4840.0,2930.0,57.403
2026-08-16T18:53:00.147334+00:00,SOL,12145.629999999997,989160.0,4740.0,9360.0,76.4016
2026-08-16T18:53:00.147334+00:00,HYPE,7105.73,301220.0,4820.0,2970.0,57.687
2026-08-16T19:15:27.458502+00:00,SOL,14493.159999999998,991100.0,6290.0,9690.0,76.4882
2026-08-16T19:15:27.458502+00:00,HYPE,7182.719999999999,301320.0,4920.0,2970.0,57.677
2026-08-16T19:40:57.498979+00:00,SOL,14461.159999999998,991380.0,6570.0,9390.0,76.5343
2026-08-16T19:40:57.498979+00:00,HYPE,7214.3099999999995,301280.0,4920.0,3010.0,57.823
2026-08-16T19:53:10.790494+00:00,SOL,15406.969999999998,991600.0,6570.0,9610.0,76.3659
2026-08-16T19:53:10.790494+00:00,HYPE,7325.999999999999,301320.0,4960.0,3020.0,57.739
2026-08-16T20:13:02.695344+00:00,SOL,15406.969999999998,991600.0,6570.0,9610.0,76.3961
2026-08-16T20:13:02.695344+00:00,HYPE,7825.279999999999,301380.0,5310.0,3310.0,57.669
2026-08-16T20:37:28.032209+00:00,SOL,15406.969999999998,991600.0,6570.0,9610.0,76.3106
2026-08-16T20:37:28.032209+00:00,HYPE,7931.259999999998,301280.0,5310.0,3410.0,57.622
2026-08-16T20:56:48.317389+00:00,SOL,20827.900000000005,992040.0,6570.0,10380.0,76.1288
2026-08-16T20:56:48.317389+00:00,HYPE,8230.15,301390.0,5620.0,3370.0,57.53
2026-08-16T21:16:15.178454+00:00,SOL,21352.800000000003,993340.0,7120.0,10330.0,76.1865
2026-08-16T21:16:15.178454+00:00,HYPE,8948.719999999998,301550.0,5670.0,3370.0,57.503
2026-08-16T21:41:33.704072+00:00,SOL,24732.12000000001,995560.0,7850.0,13110.0,75.6413
2026-08-16T21:41:33.704072+00:00,HYPE,8861.609999999999,301580.0,5570.0,3370.0,57.321
2026-08-16T21:55:20.361468+00:00,SOL,25200.020000000008,995960.0,8350.0,13210.0,75.5702
2026-08-16T21:55:20.361468+00:00,HYPE,8986.289999999999,301580.0,5820.0,3370.0,57.335
2026-08-16T22:12:43.375830+00:00,SOL,25841.89000000001,995420.0,8350.0,14020.0,75.5777
2026-08-16T22:12:43.375830+00:00,HYPE,9013.289999999999,301550.0,5850.0,3370.0,57.196
2026-08-16T22:36:20.674964+00:00,SOL,26155.82000000001,995420.0,8590.0,14020.0,75.5176
2026-08-16T22:36:20.674964+00:00,HYPE,9013.289999999999,301550.0,5850.0,3370.0,57.244
2026-08-16T22:55:53.584518+00:00,SOL,26278.80000000001,995420.0,8590.0,14090.0,75.5657
2026-08-16T22:55:53.584518+00:00,HYPE,9138.669999999998,301570.0,5990.0,3380.0,57.176
2026-08-16T23:14:01.724300+00:00,SOL,26618.72000000001,995720.0,8790.0,14090.0,75.6548
2026-08-16T23:14:01.724300+00:00,HYPE,9138.669999999998,301570.0,5990.0,3380.0,57.222
2026-08-16T23:34:04.442098+00:00,SOL,26669.710000000006,995730.0,8800.0,14090.0,75.7946
2026-08-16T23:34:04.442098+00:00,HYPE,9138.669999999998,301570.0,5990.0,3380.0,57.123
2026-08-16T23:54:32.207144+00:00,SOL,26959.65000000001,995830.0,8900.0,14090.0,75.7465
2026-08-16T23:54:32.207144+00:00,HYPE,11477.33,303000.0,6050.0,5810.0,57.122
2026-08-17T00:48:17.590030+00:00,SOL,27113.620000000006,996230.0,9380.0,14290.0,75.7767
2026-08-17T00:48:17.590030+00:00,HYPE,10977.849999999997,303380.0,6010.0,6750.0,57.214
2026-08-17T02:15:13.632908+00:00,SOL,28705.290000000008,996600.0,9950.0,14990.0,76.279
2026-08-17T02:15:13.632908+00:00,HYPE,11652.779999999997,303580.0,6990.0,7140.0,58.322
2026-08-17T03:25:41.973492+00:00,SOL,28525.320000000007,997000.0,10150.0,15090.0,76.5912
2026-08-17T03:25:41.973492+00:00,HYPE,11258.789999999999,303640.0,6890.0,7420.0,58.818
2026-08-17T04:09:57.530161+00:00,SOL,28950.24000000001,997850.0,10350.0,15740.0,76.7196
2026-08-17T04:09:57.530161+00:00,HYPE,11958.64,304030.0,7420.0,7510.0,58.974
2026-08-17T04:55:43.022621+00:00,SOL,35109.0,1002750.0,12290.0,18490.0,76.6931
2026-08-17T04:55:43.022621+00:00,HYPE,12077.720000000001,304180.0,7480.0,7610.0,58.823
2026-08-17T05:29:14.058050+00:00,SOL,35109.0,1002750.0,12290.0,18490.0,76.6479
2026-08-17T05:29:14.058050+00:00,HYPE,11813.359999999999,304380.0,7400.0,7610.0,58.9
2026-08-17T06:00:26.150371+00:00,SOL,35163.99,1002760.0,12300.0,18490.0,76.5211
2026-08-17T06:00:26.150371+00:00,HYPE,11792.470000000001,304390.0,7390.0,7710.0,58.662
2026-08-17T07:13:34.131081+00:00,SOL,42574.509999999995,1003750.0,12740.0,17950.0,76.9502
2026-08-17T07:13:34.131081+00:00,HYPE,13294.02,304540.0,7550.0,7830.0,59.306
2026-08-17T08:00:31.801354+00:00,SOL,41485.75,1004140.0,12090.0,18380.0,76.8266
2026-08-17T08:00:31.801354+00:00,HYPE,13932.759999999998,304680.0,7810.0,7800.0,59.556
2026-08-17T08:58:34.737057+00:00,SOL,41697.7,999700.0,11930.0,16380.0,75.2111
2026-08-17T08:58:34.737057+00:00,HYPE,12335.28,302590.0,6540.0,6050.0,59.147
2026-08-17T09:42:35.255366+00:00,SOL,45296.98999999999,1000470.0,11920.0,17830.0,75.257
2026-08-17T09:42:35.255366+00:00,HYPE,12738.83,302900.0,7600.0,6060.0,59.274
2026-08-17T10:15:12.295225+00:00,SOL,46774.700000000004,1000670.0,12080.0,19210.0,75.3239
2026-08-17T10:15:12.295225+00:00,HYPE,13161.55,302930.0,8020.0,6110.0,59.173
2026-08-17T10:54:54.093020+00:00,SOL,49849.079999999994,1001590.0,12060.0,20810.0,75.6541
2026-08-17T10:54:54.093020+00:00,HYPE,20482.74,304640.0,10340.0,9020.0,59.796
2026-08-17T11:18:02.887459+00:00,SOL,49507.15,1001590.0,11910.0,20810.0,75.6581
2026-08-17T11:18:02.887459+00:00,HYPE,29267.24,306240.0,12060.0,12110.0,59.7
2026-08-17T11:47:54.971945+00:00,SOL,49517.15,1001590.0,12010.0,20810.0,75.8499
2026-08-17T11:47:54.971945+00:00,HYPE,29410.210000000006,306370.0,12190.0,12110.0,59.596
2026-08-17T12:27:14.963649+00:00,SOL,52730.51,1002170.0,12710.0,20820.0,75.358
2026-08-17T12:27:14.963649+00:00,HYPE,29436.2,306480.0,12300.0,11900.0,59.316
2026-08-17T13:20:29.361910+00:00,SOL,53155.420000000006,1002170.0,12710.0,20570.0,75.279
2026-08-17T13:20:29.361910+00:00,HYPE,37656.30000000001,306310.0,13380.0,12820.0,58.89
2026-08-17T13:58:58.953328+00:00,SOL,53457.36000000001,1003020.0,13430.0,20470.0,75.591
2026-08-17T13:58:58.953328+00:00,HYPE,95166.14000000001,306380.0,18400.0,18020.0,59.253
2026-08-17T14:30:38.784632+00:00,SOL,123519.35000000002,1003370.0,21840.0,24050.0,75.5472
2026-08-17T14:30:38.784632+00:00,HYPE,110797.23999999999,306840.0,19720.0,18640.0,58.952
2026-08-17T14:59:12.571740+00:00,SOL,124284.19999999998,1003460.0,22270.0,21140.0,75.9044
2026-08-17T14:59:12.571740+00:00,HYPE,111253.56,306890.0,19760.0,18650.0,59.476
2026-08-17T15:27:32.362962+00:00,SOL,124744.10999999999,1003460.0,22670.0,21140.0,75.8231
2026-08-17T15:27:32.362962+00:00,HYPE,112452.12,306810.0,19900.0,18650.0,59.297
2026-08-17T15:49:18.034987+00:00,SOL,124779.09,1003670.0,22480.0,21540.0,76.0843
2026-08-17T15:49:18.034987+00:00,HYPE,112452.12,306810.0,19900.0,18650.0,59.224
2026-08-17T16:18:14.138997+00:00,SOL,134480.15000000005,1007840.0,27820.0,23040.0,75.9566
2026-08-17T16:18:14.138997+00:00,HYPE,113462.64000000001,306930.0,19810.0,18680.0,59.137
2026-08-17T16:52:45.633589+00:00,SOL,134358.17000000007,1007840.0,27790.0,23030.0,75.985
2026-08-17T16:52:45.633589+00:00,HYPE,119163.86000000002,307300.0,19860.0,19200.0,59.182
2026-08-17T17:19:16.262580+00:00,SOL,136138.82000000007,1008090.0,28290.0,23890.0,75.9771
2026-08-17T17:19:16.262580+00:00,HYPE,118746.62000000004,307510.0,19580.0,19400.0,58.987
2026-08-17T17:52:42.611941+00:00,SOL,136611.72000000006,1008290.0,28290.0,24020.0,75.8692
2026-08-17T17:52:42.611941+00:00,HYPE,118765.30000000003,307950.0,20020.0,19400.0,58.981
2026-08-17T18:26:33.081154+00:00,SOL,136275.79000000004,1009290.0,28280.0,24730.0,76.0353
2026-08-17T18:26:33.081154+00:00,HYPE,119028.34000000001,307980.0,19420.0,19320.0,59.102
2026-08-17T19:06:34.417471+00:00,SOL,133961.25,1009290.0,26530.0,24830.0,75.7973
2026-08-17T19:06:34.417471+00:00,HYPE,119785.3,308020.0,19360.0,19370.0,59.024
2026-08-17T19:39:45.137956+00:00,SOL,133476.35,1009380.0,26340.0,24840.0,75.7939
2026-08-17T19:39:45.137956+00:00,HYPE,121028.47,308140.0,19480.0,19350.0,58.931
2026-08-17T19:57:24.245261+00:00,SOL,132546.54,1009540.0,26500.0,24620.0,75.7055
2026-08-17T19:57:24.245261+00:00,HYPE,121704.22999999998,308180.0,19480.0,19380.0,58.845
2026-08-17T20:24:03.593920+00:00,SOL,132596.54,1009790.0,27000.0,24620.0,75.6659
2026-08-17T20:24:03.593920+00:00,HYPE,121707.92,308270.0,19190.0,19260.0,58.61
2026-08-17T20:51:06.353871+00:00,SOL,127557.53999999998,1009790.0,27000.0,24290.0,75.8719
2026-08-17T20:51:06.353871+00:00,HYPE,121352.00000000001,308270.0,18970.0,19160.0,58.718
2026-08-17T21:17:58.287406+00:00,SOL,125272.98999999999,1010190.0,25700.0,24440.0,75.889
2026-08-17T21:17:58.287406+00:00,HYPE,120606.04000000002,308240.0,18660.0,19190.0,58.695
2026-08-17T21:47:41.707407+00:00,SOL,120670.90999999999,1010190.0,24220.0,21560.0,75.9186
2026-08-17T21:47:41.707407+00:00,HYPE,120467.02000000002,308240.0,18380.0,19190.0,58.938
2026-08-17T22:16:11.228383+00:00,SOL,120562.92999999998,1010200.0,24130.0,21550.0,75.8027
2026-08-17T22:16:11.228383+00:00,HYPE,120440.02000000002,308240.0,18350.0,19190.0,58.877
2026-08-17T22:47:13.032156+00:00,SOL,119813.07999999999,1010200.0,23630.0,21550.0,75.7096
2026-08-17T22:47:13.032156+00:00,HYPE,120440.02000000002,308240.0,18350.0,19190.0,59.144
2026-08-17T23:15:10.360963+00:00,SOL,119303.17999999998,1010210.0,23340.0,21480.0,75.7763
2026-08-17T23:15:10.360963+00:00,HYPE,120470.41,308320.0,18310.0,19270.0,59.238
2026-08-17T23:44:01.916689+00:00,SOL,118971.24999999999,1010240.0,23260.0,21480.0,75.9073
2026-08-17T23:44:01.916689+00:00,HYPE,120401.63,308320.0,18310.0,19070.0,59.391
2026-08-18T01:22:44.610544+00:00,SOL,117571.55,1010510.0,22250.0,21550.0,75.8583
2026-08-18T01:22:44.610544+00:00,HYPE,117912.63999999997,308770.0,18360.0,16000.0,59.5
2026-08-18T02:32:43.358252+00:00,SOL,128955.03000000001,1015900.0,25850.0,24150.0,75.3202
2026-08-18T02:32:43.358252+00:00,HYPE,117469.38999999996,308770.0,17340.0,15900.0,59.132
2026-08-18T03:25:56.179126+00:00,SOL,128970.04000000002,1016550.0,26100.0,24300.0,75.358
2026-08-18T03:25:56.179126+00:00,HYPE,117184.94999999995,308770.0,17230.0,15700.0,59.204
2026-08-18T04:05:16.793478+00:00,SOL,128983.08000000002,1016550.0,25900.0,23960.0,75.4259
2026-08-18T04:05:16.793478+00:00,HYPE,116715.29999999993,309210.0,16910.0,15560.0,59.202
2026-08-18T04:49:09.589405+00:00,SOL,130133.56000000001,1020120.0,25910.0,23160.0,75.7264
2026-08-18T04:49:09.589405+00:00,HYPE,116697.33999999994,309310.0,17090.0,15460.0,59.146
2026-08-18T05:21:05.336759+00:00,SOL,130103.56999999999,1020120.0,25910.0,22860.0,75.8438
2026-08-18T05:21:05.336759+00:00,HYPE,116662.25999999992,309310.0,16880.0,15460.0,59.425
2026-08-18T05:52:32.786173+00:00,SOL,130048.58,1020120.0,25900.0,22860.0,75.673
2026-08-18T05:52:32.786173+00:00,HYPE,117003.63999999994,309400.0,16900.0,15530.0,59.159
2026-08-18T06:29:05.195117+00:00,SOL,129962.58999999998,1020120.0,25900.0,22770.0,75.8854
2026-08-18T06:29:05.195117+00:00,HYPE,117043.07999999997,309700.0,16860.0,15690.0,59.583
2026-08-18T07:20:00.258854+00:00,SOL,120809.43000000001,1020280.0,25610.0,21690.0,76.1359
2026-08-18T07:20:00.258854+00:00,HYPE,118343.44,312130.0,18340.0,16500.0,60.314
2026-08-18T08:00:34.778641+00:00,SOL,127050.8,1023410.0,30770.0,21970.0,75.982
2026-08-18T08:00:34.778641+00:00,HYPE,118216.11000000002,313030.0,19140.0,16440.0,59.581
2026-08-18T08:51:09.053767+00:00,SOL,124155.39000000001,1016820.0,29660.0,19140.0,75.9819
2026-08-18T08:51:09.053767+00:00,HYPE,121601.86000000002,309420.0,18420.0,16640.0,59.58
2026-08-18T10:53:30.170221+00:00,SOL,117247.78999999998,1016960.0,29040.0,14610.0,75.7949
2026-08-18T10:53:30.170221+00:00,HYPE,123797.63000000003,309820.0,16240.0,14910.0,59.844
2026-08-18T11:17:34.604271+00:00,SOL,136030.04000000004,1018530.0,30170.0,16220.0,76.1158
2026-08-18T11:17:34.604271+00:00,HYPE,119710.11999999997,310130.0,14240.0,11940.0,59.903
2026-08-18T11:48:45.567398+00:00,SOL,136346.99000000008,1018690.0,30590.0,16440.0,76.2971
2026-08-18T11:48:45.567398+00:00,HYPE,139230.68000000002,311570.0,15100.0,14810.0,59.82
2026-08-18T12:29:07.784459+00:00,SOL,135542.14000000007,1018940.0,30200.0,16500.0,76.2998
2026-08-18T12:29:07.784459+00:00,HYPE,155746.45000000004,311620.0,16380.0,15830.0,59.499
2026-08-18T13:24:29.481873+00:00,SOL,135359.18000000005,1018940.0,30000.0,16500.0,76.1252
2026-08-18T13:24:29.481873+00:00,HYPE,150648.34000000003,313240.0,16710.0,15740.0,59.41
2026-08-18T14:03:43.699540+00:00,SOL,134523.35000000006,1018960.0,29130.0,16500.0,76.1849
2026-08-18T14:03:43.699540+00:00,HYPE,79521.89000000004,314020.0,11800.0,10530.0,59.398
2026-08-18T14:50:05.387625+00:00,SOL,84270.41000000002,1028760.0,34840.0,14550.0,76.8106
2026-08-18T14:50:05.387625+00:00,HYPE,82954.51000000001,316160.0,13980.0,11560.0,59.355
2026-08-18T15:22:58.935845+00:00,SOL,82992.66000000003,1028880.0,34420.0,14660.0,76.9643
2026-08-18T15:22:58.935845+00:00,HYPE,82711.07000000002,315960.0,14700.0,11650.0,59.453
2026-08-18T15:54:43.391496+00:00,SOL,81078.05000000003,1028880.0,34110.0,14120.0,77.1452
2026-08-18T15:54:43.391496+00:00,HYPE,82711.07000000002,315960.0,14700.0,11650.0,59.352
2026-08-18T16:21:44.425023+00:00,SOL,80558.16000000005,1035010.0,35510.0,12760.0,76.9297
2026-08-18T16:21:44.425023+00:00,HYPE,81423.84,315900.0,15020.0,11550.0,58.605
2026-08-18T16:55:43.827743+00:00,SOL,80598.15000000005,1035410.0,35510.0,13160.0,77.007
2026-08-18T16:55:43.827743+00:00,HYPE,77973.56999999998,317020.0,15710.0,11610.0,58.745
2026-08-18T17:20:48.906006+00:00,SOL,78877.49000000003,1036010.0,35010.0,12900.0,76.9074
2026-08-18T17:20:48.906006+00:00,HYPE,79172.04999999997,317340.0,16030.0,11560.0,58.491
2026-08-18T17:51:12.296811+00:00,SOL,78562.56000000004,1036660.0,35010.0,13350.0,76.9523
2026-08-18T17:51:12.296811+00:00,HYPE,81310.77999999996,317600.0,15950.0,11660.0,58.654
2026-08-18T18:25:33.938603+00:00,SOL,79637.35000000003,1038210.0,35010.0,13900.0,77.1923
2026-08-18T18:25:33.938603+00:00,HYPE,83112.40999999999,317800.0,16450.0,11820.0,58.601
2026-08-18T19:05:59.946799+00:00,SOL,79769.31000000004,1039660.0,35610.0,15060.0,77.2053
2026-08-18T19:05:59.946799+00:00,HYPE,84475.31999999996,318240.0,16610.0,12450.0,58.715
2026-08-18T19:38:11.292514+00:00,SOL,81700.91000000003,1040150.0,36020.0,15040.0,77.2085
2026-08-18T19:38:11.292514+00:00,HYPE,83466.39999999997,318510.0,16640.0,12640.0,58.823
2026-08-18T19:55:55.371424+00:00,SOL,81915.85000000003,1040750.0,35870.0,15950.0,77.0499
2026-08-18T19:55:55.371424+00:00,HYPE,83081.48999999996,318490.0,16640.0,12880.0,58.89
2026-08-18T20:16:26.675495+00:00,SOL,81915.85000000003,1040750.0,35870.0,15950.0,77.1555
2026-08-18T20:16:26.675495+00:00,HYPE,83103.17999999995,318650.0,16760.0,12750.0,59.027
2026-08-18T20:46:15.283752+00:00,SOL,81565.91000000003,1040750.0,35620.0,15700.0,76.9084
2026-08-18T20:46:15.283752+00:00,HYPE,85995.89999999997,318840.0,17020.0,12960.0,58.806
2026-08-18T21:15:25.497219+00:00,SOL,82606.71000000004,1041030.0,35900.0,15350.0,76.9537
2026-08-18T21:15:25.497219+00:00,HYPE,86210.15999999997,319000.0,17220.0,12930.0,58.621
2026-08-18T21:44:50.794323+00:00,SOL,82608.71000000004,1041050.0,35910.0,15360.0,76.949
2026-08-18T21:44:50.794323+00:00,HYPE,86266.14999999997,319040.0,17220.0,12970.0,58.655
2026-08-18T21:59:23.596671+00:00,SOL,82608.71000000004,1041050.0,35910.0,15360.0,76.9569
2026-08-18T21:59:23.596671+00:00,HYPE,86399.12999999996,319140.0,17220.0,13070.0,58.698
2026-08-18T22:27:04.309056+00:00,SOL,82574.71000000004,1041050.0,35900.0,15360.0,77.0128
2026-08-18T22:27:04.309056+00:00,HYPE,86533.65999999997,319160.0,17440.0,13110.0,58.634
2026-08-18T22:49:47.181289+00:00,SOL,82599.70000000003,1041300.0,36150.0,15360.0,76.9145
2026-08-18T22:49:47.181289+00:00,HYPE,86554.28999999996,319400.0,17680.0,13110.0,58.427
2026-08-18T23:14:33.037283+00:00,SOL,82596.70000000003,1041300.0,36140.0,15360.0,77.0534
2026-08-18T23:14:33.037283+00:00,HYPE,86599.07999999997,319440.0,17680.0,13150.0,58.423
2026-08-18T23:38:00.342325+00:00,SOL,82587.70000000003,1041300.0,36110.0,15360.0,77.1388
2026-08-18T23:38:00.342325+00:00,HYPE,86508.53999999998,319440.0,17920.0,13070.0,58.584
2026-08-18T23:56:18.142735+00:00,SOL,82587.70000000003,1041300.0,36110.0,15360.0,77.0391
2026-08-18T23:56:18.142735+00:00,HYPE,86595.51999999999,319470.0,17950.0,13100.0,58.573
2026-08-19T00:58:09.454627+00:00,SOL,82623.69000000003,1041200.0,36090.0,15590.0,76.9274
2026-08-19T00:58:09.454627+00:00,HYPE,87358.76000000001,321330.0,21060.0,13730.0,58.58
2026-08-19T02:18:05.011142+00:00,SOL,82888.64000000003,1041750.0,36340.0,15540.0,76.6979
2026-08-19T02:18:05.011142+00:00,HYPE,88585.58,321530.0,21330.0,13970.0,58.38
2026-08-19T03:23:18.928606+00:00,SOL,72275.99000000002,1042000.0,32490.0,13360.0,76.9543
2026-08-19T03:23:18.928606+00:00,HYPE,88687.73999999999,321720.0,21570.0,14070.0,58.381
2026-08-19T04:05:23.354600+00:00,SOL,71948.01000000002,1042010.0,32570.0,13150.0,76.9257
2026-08-19T04:05:23.354600+00:00,HYPE,88397.56,321720.0,21110.0,14070.0,58.429
2026-08-19T04:49:27.448488+00:00,SOL,64653.749999999985,1042010.0,30640.0,11150.0,76.8784
2026-08-19T04:49:27.448488+00:00,HYPE,88878.20999999998,322560.0,21040.0,14910.0,58.531
2026-08-19T05:21:44.651184+00:00,SOL,64653.749999999985,1042010.0,30640.0,11150.0,76.8734
2026-08-19T05:21:44.651184+00:00,HYPE,88882.02999999998,322570.0,21040.0,14920.0,58.494
2026-08-19T05:53:10.479974+00:00,SOL,64653.749999999985,1042010.0,30640.0,11150.0,76.8025
2026-08-19T05:53:10.479974+00:00,HYPE,91823.61999999998,322470.0,21400.0,14970.0,58.29
2026-08-19T06:29:31.903891+00:00,SOL,65227.639999999985,1042350.0,31130.0,11200.0,76.8131
2026-08-19T06:29:31.903891+00:00,HYPE,92310.77999999998,322480.0,21580.0,14680.0,58.157
2026-08-19T07:21:09.513478+00:00,SOL,67554.15999999999,1043150.0,31380.0,11950.0,77.004
2026-08-19T07:21:09.513478+00:00,HYPE,131779.87,321900.0,21920.0,16270.0,58.343
2026-08-19T08:00:09.976103+00:00,SOL,62333.58,1043170.0,26490.0,11700.0,76.8978
2026-08-19T08:00:09.976103+00:00,HYPE,130920.01999999999,321930.0,20950.0,16230.0,58.154
2026-08-19T08:52:18.215357+00:00,SOL,67004.63999999998,1038290.0,26850.0,10330.0,78.5742
2026-08-19T08:52:18.215357+00:00,HYPE,127073.84999999998,317000.0,18180.0,14620.0,58.84
2026-08-19T09:25:01.773486+00:00,SOL,68074.43,1038310.0,27360.0,10340.0,78.5108
2026-08-19T09:25:01.773486+00:00,HYPE,127159.12999999999,317170.0,18380.0,14690.0,58.813
2026-08-19T09:56:20.782537+00:00,SOL,70224.00000000003,1038690.0,27910.0,10340.0,78.5132
2026-08-19T09:56:20.782537+00:00,HYPE,149090.06999999995,317250.0,20680.0,15460.0,58.717
2026-08-19T10:23:23.923313+00:00,SOL,70224.00000000003,1038690.0,27910.0,10340.0,78.4505
2026-08-19T10:23:23.923313+00:00,HYPE,183219.78999999998,317090.0,22440.0,16840.0,58.691
2026-08-19T10:53:16.717267+00:00,SOL,68477.34,1038700.0,27840.0,10250.0,78.4814
2026-08-19T10:53:16.717267+00:00,HYPE,238561.08,317000.0,24700.0,19640.0,58.854
2026-08-19T11:18:02.792258+00:00,SOL,50126.009999999995,1038700.0,26740.0,9450.0,78.5838
2026-08-19T11:18:02.792258+00:00,HYPE,234905.85999999996,317170.0,24320.0,19670.0,59.111
2026-08-19T11:48:05.523750+00:00,SOL,53140.74000000002,1039850.0,28350.0,9280.0,78.679
2026-08-19T11:48:05.523750+00:00,HYPE,217162.00999999995,317260.0,23970.0,17690.0,59.246
2026-08-19T12:29:12.287357+00:00,SOL,53167.91000000002,1039850.0,29010.0,9200.0,78.6513
2026-08-19T12:29:12.287357+00:00,HYPE,200926.29,317410.0,22530.0,16850.0,59.291
2026-08-19T13:25:22.720428+00:00,SOL,165286.70999999996,1061350.0,52120.0,10270.0,79.612
2026-08-19T13:25:22.720428+00:00,HYPE,198266.89999999994,317620.0,21560.0,15780.0,59.753
2026-08-19T14:04:22.815097+00:00,SOL,165556.69999999998,1061750.0,52670.0,10300.0,79.7318
2026-08-19T14:04:22.815097+00:00,HYPE,197833.80999999997,318080.0,21100.0,15960.0,59.142
2026-08-19T14:51:06.839501+00:00,SOL,152714.23999999996,1063330.0,41560.0,11510.0,80.5603
2026-08-19T14:51:06.839501+00:00,HYPE,195054.12,318640.0,19720.0,15800.0,59.756
2026-08-19T15:22:42.039282+00:00,SOL,180829.33999999994,1065220.0,49420.0,15140.0,80.9816
2026-08-19T15:22:42.039282+00:00,HYPE,194992.04999999996,318690.0,19290.0,15780.0,60.241
2026-08-19T15:54:40.712208+00:00,SOL,824153.0499999997,1062290.0,231020.0,21920.0,81.6684
2026-08-19T15:54:40.712208+00:00,HYPE,199193.89999999994,322240.0,21630.0,18190.0,61.385
2026-08-19T16:21:21.640941+00:00,SOL,832638.0299999998,1069850.0,230970.0,28340.0,81.908
2026-08-19T16:21:21.640941+00:00,HYPE,199921.49999999994,322420.0,21690.0,18410.0,62.029
2026-08-19T16:54:11.428765+00:00,SOL,837070.6099999996,1074170.0,232180.0,32830.0,82.9099
2026-08-19T16:54:11.428765+00:00,HYPE,198973.00000000006,323730.0,21780.0,18090.0,62.142
2026-08-19T17:19:33.986684+00:00,SOL,838067.5799999997,1074560.0,232370.0,32740.0,82.2528
2026-08-19T17:19:33.986684+00:00,HYPE,200963.5,324170.0,21960.0,18020.0,61.997
2026-08-19T17:47:49.932395+00:00,SOL,844665.8899999998,1074670.0,232390.0,34200.0,82.7154
2026-08-19T17:47:49.932395+00:00,HYPE,211557.04999999993,325530.0,23770.0,18160.0,62.493
2026-08-19T18:21:52.044045+00:00,SOL,844793.0299999999,1074720.0,232930.0,32920.0,82.8324
2026-08-19T18:21:52.044045+00:00,HYPE,207263.18,325440.0,23160.0,18090.0,62.729
2026-08-19T19:00:36.098776+00:00,SOL,846046.9299999998,1075710.0,233190.0,32850.0,83.245
2026-08-19T19:00:36.098776+00:00,HYPE,204857.41000000003,325300.0,23100.0,17320.0,62.685
2026-08-19T19:35:54.938856+00:00,SOL,846505.0899999999,1075820.0,233340.0,35690.0,82.1833
2026-08-19T19:35:54.938856+00:00,HYPE,219771.77999999994,327440.0,27120.0,20700.0,70.17
2026-08-19T19:57:07.491291+00:00,SOL,848355.9299999999,1075960.0,234050.0,34780.0,82.3115
2026-08-19T19:57:07.491291+00:00,HYPE,225832.42999999988,329200.0,28240.0,21780.0,70.044
2026-08-19T20:23:32.689392+00:00,SOL,849242.84,1079370.0,234430.0,39010.0,82.4152
2026-08-19T20:23:32.689392+00:00,HYPE,234197.49999999988,333920.0,30750.0,25750.0,68.879
2026-08-19T20:51:35.769349+00:00,SOL,850606.7,1079310.0,235570.0,39530.0,83.6518
2026-08-19T20:51:35.769349+00:00,HYPE,236459.3999999999,334750.0,31760.0,26200.0,69.631
2026-08-19T21:18:04.595183+00:00,SOL,867468.1099999999,1077040.0,239540.0,52730.0,86.3008
2026-08-19T21:18:04.595183+00:00,HYPE,240478.01999999993,337400.0,32020.0,29040.0,69.961
2026-08-19T21:48:05.539159+00:00,SOL,909535.9399999997,1078110.0,244920.0,68070.0,87.732
2026-08-19T21:48:05.539159+00:00,HYPE,250810.55,339960.0,32990.0,33200.0,71.962
2026-08-19T22:16:16.182995+00:00,SOL,919800.9099999995,1077630.0,247260.0,73560.0,85.9353
2026-08-19T22:16:16.182995+00:00,HYPE,289078.4000000001,340640.0,36450.0,36310.0,71.579
2026-08-19T22:48:21.740673+00:00,SOL,924005.4799999995,1077820.0,248300.0,78270.0,85.4065
2026-08-19T22:48:21.740673+00:00,HYPE,304488.1100000001,343180.0,37730.0,40330.0,73.083
2026-08-19T23:15:38.293441+00:00,SOL,927286.1499999993,1080420.0,249150.0,80620.0,85.3322
2026-08-19T23:15:38.293441+00:00,HYPE,338425.79000000027,345290.0,41560.0,43570.0,70.847
2026-08-19T23:44:02.116783+00:00,SOL,928606.0199999993,1080790.0,250140.0,81200.0,85.6892
2026-08-19T23:44:02.116783+00:00,HYPE,350324.4300000003,345500.0,42500.0,44910.0,70.745
2026-08-19T23:59:11.017173+00:00,SOL,928893.9999999994,1081760.0,250900.0,81720.0,85.3282
2026-08-19T23:59:11.017173+00:00,HYPE,362556.81000000035,345850.0,44070.0,46840.0,69.576
2026-08-20T01:23:30.395144+00:00,SOL,942512.6599999997,1084690.0,253810.0,83190.0,86.0552
2026-08-20T01:23:30.395144+00:00,HYPE,409078.8900000002,345980.0,48210.0,48530.0,68.786
2026-08-20T02:33:57.976777+00:00,SOL,954559.5699999995,1090780.0,254470.0,89040.0,85.5166
2026-08-20T02:33:57.976777+00:00,HYPE,425531.5900000001,347580.0,49480.0,50870.0,69.796
2026-08-20T03:28:13.764498+00:00,SOL,958487.8199999995,1091780.0,255430.0,89760.0,85.4495
2026-08-20T03:28:13.764498+00:00,HYPE,444742.55,350020.0,50470.0,53940.0,68.997
2026-08-20T04:07:37.970489+00:00,SOL,959014.7299999995,1091840.0,255390.0,89800.0,85.8234
2026-08-20T04:07:37.970489+00:00,HYPE,451700.02999999985,351010.0,50910.0,55400.0,69.73
2026-08-20T04:50:43.784338+00:00,SOL,959933.6399999995,1091700.0,255390.0,90060.0,85.9234
2026-08-20T04:50:43.784338+00:00,HYPE,454726.83999999985,351690.0,51090.0,55470.0,70.44
2026-08-20T05:22:45.119466+00:00,SOL,959933.6399999995,1091700.0,255390.0,90060.0,86.1537
2026-08-20T05:22:45.119466+00:00,HYPE,459152.4699999998,352040.0,52030.0,55730.0,70.79
2026-08-20T05:53:55.353469+00:00,SOL,959995.6299999995,1091700.0,255390.0,90080.0,86.1997
2026-08-20T05:53:55.353469+00:00,HYPE,466794.37999999983,353070.0,53020.0,55680.0,70.998
2026-08-20T06:31:34.983471+00:00,SOL,961826.4799999995,1093350.0,255350.0,91630.0,86.5789
2026-08-20T06:31:34.983471+00:00,HYPE,481598.1499999998,354880.0,54320.0,56300.0,72.008
2026-08-20T07:25:52.111355+00:00,SOL,1002103.5999999997,1115740.0,257300.0,111190.0,87.1194
2026-08-20T07:25:52.111355+00:00,HYPE,443973.8100000001,355920.0,52290.0,54870.0,72.364
2026-08-20T08:03:50.526833+00:00,SOL,583906.2300000001,1086500.0,133470.0,91370.0,86.3608
2026-08-20T08:03:50.526833+00:00,HYPE,435874.7799999999,347920.0,50030.0,49930.0,71.92
2026-08-20T08:54:07.636933+00:00,SOL,607962.7599999999,1088040.0,136010.0,110490.0,88.1176
2026-08-20T08:54:07.636933+00:00,HYPE,438030.67,348240.0,50240.0,49630.0,72.25
2026-08-20T09:25:29.958057+00:00,SOL,610937.4999999999,1089090.0,137570.0,111400.0,87.8861
2026-08-20T09:25:29.958057+00:00,HYPE,448865.35999999987,349830.0,51180.0,52570.0,73.538
2026-08-20T09:58:50.820065+00:00,SOL,611958.3299999997,1090040.0,138610.0,112420.0,87.5359
2026-08-20T09:58:50.820065+00:00,HYPE,436178.55,349990.0,50530.0,52390.0,73.355
2026-08-20T10:32:45.850181+00:00,SOL,617822.1599999997,1092910.0,142870.0,112770.0,87.5604
2026-08-20T10:32:45.850181+00:00,HYPE,389469.08999999985,349710.0,49170.0,50770.0,72.399
2026-08-20T11:02:12.938203+00:00,SOL,621110.5099999997,1093920.0,143730.0,113350.0,87.7211
2026-08-20T11:02:12.938203+00:00,HYPE,353812.94999999984,350820.0,49220.0,49190.0,71.965
2026-08-20T11:39:22.426362+00:00,SOL,621890.0599999997,1095500.0,143630.0,113680.0,88.1902
2026-08-20T11:39:22.426362+00:00,HYPE,360170.29,351750.0,49680.0,50060.0,72.601
2026-08-20T11:59:29.610176+00:00,SOL,630978.2299999997,1096520.0,145130.0,114910.0,87.56
2026-08-20T11:59:29.610176+00:00,HYPE,364946.6,352260.0,50260.0,50260.0,71.905
2026-08-20T12:56:03.116612+00:00,SOL,633452.9399999996,1100170.0,146260.0,116970.0,87.1821
2026-08-20T12:56:03.116612+00:00,HYPE,384645.31999999995,353420.0,53130.0,51070.0,71.667
2026-08-20T13:41:30.835675+00:00,SOL,541315.9799999996,1106640.0,127830.0,122780.0,86.7751
2026-08-20T13:41:30.835675+00:00,HYPE,390389.12999999995,354980.0,55100.0,52130.0,71.797
2026-08-20T14:20:14.721969+00:00,SOL,550435.1599999997,1103180.0,128910.0,125110.0,86.4754
2026-08-20T14:20:14.721969+00:00,HYPE,400432.47999999986,356380.0,56530.0,57010.0,72.158
2026-08-20T15:02:38.473703+00:00,SOL,543088.2999999996,1104720.0,125650.0,125690.0,86.9706
2026-08-20T15:02:38.473703+00:00,HYPE,466101.43999999994,360730.0,59310.0,59420.0,72.305
2026-08-20T15:47:03.146830+00:00,SOL,496217.8399999998,1104880.0,115680.0,118660.0,87.2877
2026-08-20T15:47:03.146830+00:00,HYPE,480217.6799999998,361880.0,59080.0,59830.0,73.093
2026-08-20T16:24:39.458688+00:00,SOL,277659.2900000001,1105860.0,52070.0,116020.0,87.2067
2026-08-20T16:24:39.458688+00:00,HYPE,480307.6999999997,361540.0,58970.0,58050.0,73.641
2026-08-20T16:58:56.838127+00:00,SOL,275725.2400000001,1106570.0,51060.0,116760.0,87.6575
2026-08-20T16:58:56.838127+00:00,HYPE,483970.25999999966,361890.0,59200.0,58350.0,73.931
2026-08-20T17:31:37.249058+00:00,SOL,276997.25000000006,1108120.0,53930.0,115760.0,87.6693
2026-08-20T17:31:37.249058+00:00,HYPE,482047.08999999973,362440.0,58940.0,58720.0,74.233
2026-08-20T18:00:45.119083+00:00,SOL,299276.7799999999,1108870.0,56430.0,116980.0,87.6275
2026-08-20T18:00:45.119083+00:00,HYPE,473508.3599999997,362290.0,57210.0,58690.0,73.828
2026-08-20T18:56:34.872396+00:00,SOL,390438.3800000002,1119780.0,69630.0,125330.0,87.0078
2026-08-20T18:56:34.872396+00:00,HYPE,479550.1599999996,363300.0,58240.0,59790.0,72.773
2026-08-20T19:27:34.187230+00:00,SOL,410335.22000000015,1121160.0,71880.0,129790.0,87.2658
2026-08-20T19:27:34.187230+00:00,HYPE,470949.48999999976,363370.0,55500.0,57610.0,73.477
2026-08-20T19:54:56.783181+00:00,SOL,411320.8900000001,1121730.0,72440.0,129990.0,87.1795
2026-08-20T19:54:56.783181+00:00,HYPE,459171.59999999974,363320.0,53450.0,56120.0,72.512
2026-08-20T20:19:22.932889+00:00,SOL,410457.9200000001,1122240.0,72880.0,129990.0,87.4071
2026-08-20T20:19:22.932889+00:00,HYPE,450828.1199999997,363740.0,51080.0,51850.0,73.224
2026-08-20T20:54:05.741222+00:00,SOL,417198.4800000001,1122120.0,72580.0,130040.0,87.5044
2026-08-20T20:54:05.741222+00:00,HYPE,457959.03999999975,363440.0,51190.0,51730.0,73.409
2026-08-20T21:20:13.211276+00:00,SOL,400230.1100000002,1122200.0,69240.0,117020.0,87.5914
2026-08-20T21:20:13.211276+00:00,HYPE,463951.70999999985,362070.0,52290.0,50440.0,74.242
2026-08-20T21:50:54.010690+00:00,SOL,358094.23000000004,1123520.0,64430.0,103090.0,87.509
2026-08-20T21:50:54.010690+00:00,HYPE,455972.28999999975,361890.0,51570.0,47880.0,74.604
2026-08-20T22:18:01.316917+00:00,SOL,351349.9000000001,1123620.0,63090.0,98640.0,87.3848
2026-08-20T22:18:01.316917+00:00,HYPE,425760.87999999995,361390.0,49050.0,45140.0,73.977
2026-08-20T22:51:54.892590+00:00,SOL,349744.0500000001,1123960.0,62370.0,94490.0,87.3806
2026-08-20T22:51:54.892590+00:00,HYPE,408178.48999999993,361810.0,47240.0,41680.0,73.837
2026-08-20T23:18:12.164393+00:00,SOL,373805.65000000014,1126490.0,65080.0,93890.0,87.403
2026-08-20T23:18:12.164393+00:00,HYPE,375351.4799999999,361810.0,43780.0,39060.0,73.527
2026-08-20T23:47:32.634867+00:00,SOL,399758.0600000002,1129260.0,65320.0,96570.0,87.6215
2026-08-20T23:47:32.634867+00:00,HYPE,365539.62999999983,362000.0,42920.0,37780.0,74.001
2026-08-21T00:51:44.464603+00:00,SOL,452334.8200000002,1132840.0,68990.0,100230.0,88.492
2026-08-21T00:51:44.464603+00:00,HYPE,321466.07,362500.0,37530.0,35980.0,73.549
2026-08-21T02:19:02.139754+00:00,SOL,539204.1599999999,1143930.0,76610.0,103190.0,89.1783
2026-08-21T02:19:02.139754+00:00,HYPE,295801.01000000007,362260.0,34140.0,32730.0,73.903
2026-08-21T03:28:08.663084+00:00,SOL,637535.6099999993,1152630.0,81210.0,107920.0,89.3422
2026-08-21T03:28:08.663084+00:00,HYPE,274699.3400000001,362320.0,33140.0,29930.0,72.275
2026-08-21T04:09:17.791311+00:00,SOL,658899.5199999994,1155900.0,83030.0,110090.0,89.266
2026-08-21T04:09:17.791311+00:00,HYPE,268289.3200000002,362480.0,32720.0,28620.0,72.219
2026-08-21T04:51:36.458837+00:00,SOL,663964.0199999993,1157610.0,84020.0,111070.0,89.3264
2026-08-21T04:51:36.458837+00:00,HYPE,264843.3700000001,362480.0,32380.0,29410.0,72.833
2026-08-21T05:24:51.848093+00:00,SOL,671726.2599999995,1160200.0,85380.0,113170.0,89.7041
2026-08-21T05:24:51.848093+00:00,HYPE,258702.89000000013,362820.0,31200.0,30250.0,72.922
2026-08-21T05:55:33.606253+00:00,SOL,810415.4099999996,1192550.0,86980.0,145660.0,90.4195
2026-08-21T05:55:33.606253+00:00,HYPE,250275.09000000005,362800.0,30220.0,30040.0,72.969
2026-08-21T06:34:33.574949+00:00,SOL,817590.6899999997,1194960.0,90370.0,141460.0,90.2292
2026-08-21T06:34:33.574949+00:00,HYPE,234560.05000000008,362850.0,28740.0,30950.0,73.096
2026-08-21T07:27:14.243486+00:00,SOL,839856.4899999996,1195380.0,91600.0,138600.0,90.3152
2026-08-21T07:27:14.243486+00:00,HYPE,230280.97000000006,362850.0,28400.0,30680.0,73.315
2026-08-21T08:05:06.365959+00:00,SOL,850186.8499999992,1070800.0,83720.0,122720.0,90.6195
2026-08-21T08:05:06.365959+00:00,HYPE,225826.88000000003,325590.0,25900.0,20460.0,73.603
2026-08-21T08:55:29.847681+00:00,SOL,855774.8199999991,1076410.0,85850.0,119440.0,92.8051
2026-08-21T08:55:29.847681+00:00,HYPE,226635.51000000004,326000.0,26520.0,21570.0,75.309
2026-08-21T09:29:09.283461+00:00,SOL,859031.2999999989,1076840.0,85570.0,119230.0,91.2466
2026-08-21T09:29:09.283461+00:00,HYPE,220184.37000000005,325950.0,26040.0,18970.0,73.838
2026-08-21T10:01:00.813747+00:00,SOL,863808.029999999,1078520.0,85580.0,119950.0,91.5775
2026-08-21T10:01:00.813747+00:00,HYPE,212666.06000000003,326480.0,24720.0,18830.0,74.26
2026-08-21T10:44:52.386571+00:00,SOL,888663.1399999993,1080030.0,83580.0,122050.0,91.3507
2026-08-21T10:44:52.386571+00:00,HYPE,202606.78,326580.0,22560.0,17830.0,74.569
2026-08-21T11:04:03.999519+00:00,SOL,894811.5199999992,1079730.0,86240.0,122040.0,91.2316
2026-08-21T11:04:03.999519+00:00,HYPE,194500.2,326570.0,21510.0,16800.0,75.042
2026-08-21T11:38:49.145795+00:00,SOL,950569.2599999991,1100000.0,94010.0,136810.0,90.6826
2026-08-21T11:38:49.145795+00:00,HYPE,189370.08000000002,326800.0,21040.0,15710.0,74.418
2026-08-21T11:59:52.436538+00:00,SOL,959333.2899999992,1102810.0,95920.0,136110.0,90.2691
2026-08-21T11:59:52.436538+00:00,HYPE,184848.23999999996,326830.0,20450.0,15830.0,74.143
2026-08-21T12:57:13.367892+00:00,SOL,969653.3199999994,1100870.0,95920.0,136860.0,90.8373
2026-08-21T12:57:13.367892+00:00,HYPE,174446.76000000004,328130.0,18390.0,16040.0,74.217
2026-08-21T13:42:51.430797+00:00,SOL,973428.0699999995,1106890.0,96840.0,135420.0,90.9343
2026-08-21T13:42:51.430797+00:00,HYPE,175327.64,328480.0,18340.0,17640.0,77.627
